id,composition,Eg
1,Hg0.7Cd0.3Te,0.35
2,CuBr,3.08
3,LuP,1.3
4,Cu3SbSe4,0.4
5,ZnO,3.44
6,PtSb2,0.08
7,ZnIn2S4,2.68
8,K2Cd3Te4,2.26
9,K4Sn3Ce3S14,2.46
10,Pb6B2CrO12,1.8
11,InSb,0.22
12,Sr2Be2B2O7,8
13,K2CuNbS4,2.82
14,PrTe2,1.02
15,BAs,1.46
16,Ba4Ga4GeSe12,2.18
17,CuBr,2.94
18,HgSe,0.07
19,AgIn5Te8,0.47
20,Rb7Th2P6Se21,2.07
21,TlS,1.37
22,CdS,2.5
23,Al2Se3,3.1
24,In2GeTe3,0.68
25,BiSeBr,1.5
26,GaAs0.4P0.6,2.1
27,K2AuPS4,2.63
28,CsH3Se2O6,4.77
29,CsB3GeO7,5.76
30,Pb0.97Sn0.03Te,0.3
31,PtAs2,0.55
32,SnGa4S7,3.1
33,Si3N4,5.1
34,Gd1.05Sc0.95Se3,1.2
35,Cs2ZnGe3Se8,2.31
36,CeO2,3.41
37,KAgAsS2,2.21
38,Mn11Si19,0.8
39,SrTe,3.73
40,Pb0.97Se0.97Sn0.03Se0.03,0.21
41,LaCuOS,3.14
42,AlSb,1.67
43,Tl2AuPS4,2.2
44,Cs3Sn3F2Cl7,2.96
45,Cs1.13Cd1.13Bi2.87Se6,1
46,AgI,3.02
47,PtSb2,0.11
48,Hg0.1Zn0.9Te,1.83
49,TlBiTe3,0.5
50,CuCl,3.24
51,Pb0.92Sn0.08Se,0.06
52,CdSe,1.75
53,Cu3SbS4,0.75
54,GaAs,1.46
55,As2Te3,1.76
56,SrB6,3.68
57,GaN,3.25
58,Cd3As2,0.24
59,WO3,2.9
60,EuYb2Se4,1.3
61,Bi2Te2.4Se0.6,0.25
62,Ge0.3Si0.7,1
63,CuN3,4.17
64,CdP4,1.05
65,MnI2,4.4
66,InSb,0.24
67,TmAs,1.18
68,CdS,2.6
69,Ga0.3As0.3Zn0.7Se0.7,1.93
70,Cd4GdB3O10,3.8
71,Cd3P2,0.54
72,SmAs,1.03
73,RbSbS2,2.1
74,Na5GdMo4O16,3.38
75,Sr2V2Se3O15,2.96
76,UP2S7,1.41
77,GaAs,1.51
78,TaON,2.8
79,RbBr,7.65
80,PdSe2,0.4
81,Ba3EuP3O12,4.09
82,RbBr,7.25
83,SbSeI,1.66
84,KBiSe2,0.7
85,Bi0.4Te3Sb1.6,0.21
86,Na2TeSe3,1.95
87,Tl2Te3,0.69
88,Al0.74Gd3Si0.7S7,2.34
89,CsTbZnTe3,2.12
90,BaB6,2.64
91,La5In3S9O3,2.6
92,PbN6,3.02
93,GaN,3.24
94,CaO,6.97
95,Na2S,2.4
96,Rb2Cd3Te4,2.3
97,AgI,2.8
98,CdSe,1.84
99,SnSe,1.2
100,Rb2BaNb2Se11,1.53
101,TaZrN3,1.72
102,Ba3In2P4O16,3.87
103,In0.2P0.2Ga0.8As0.8,1.58
104,RbTa3Te2O12,3.88
105,GaTe,1.8
106,ZnO,3.51
107,Ag2SnS3,1.43
108,SnSe,1.3
109,Ba2GaErTe5,1.15
110,Na3MoO4Cl,4.69
111,K2Hg3Sn2S8,2.5
112,CdSb,0.57
113,GeSe,1.22
114,HfS3,2.85
115,Ga0.9Sb0.9Hg0.1Te0.1,0.65
116,InSb2S4Cl,1.8
117,GaS,2.59
118,PtS,0.8
119,AgS,0.9
120,Cs2P2Se8,2.44
121,Y4GaSbS9,2.06
122,Zn0.55S0.55Ga0.45P0.45,2.3
123,Zn0.95S0.95Ga0.05P0.05,2.7
124,Mg2Sn,0.32
125,Ga1.002Sb0.998Te0.006,0.7
126,CsF,10
127,KSbSe2,1.14
128,Ag3AsSe3,1.98
129,As2Se3,1.84
130,LiGaSe2,3.13
131,NbSe2,1.4
132,Rb2CsSb,1.5
133,OsS2,2
134,GeS,1.8
135,RuAs2,0.8
136,InSb0.99As0.01,0.35
137,Ga1.1Sb0.9Se0.3,0.67
138,Sm2S3,2.96
139,SiP,2
140,YbB66,1.27
141,Pb0.9Sn0.1Se,0.08
142,TlTiPS5,1.3
143,CsYbMnSe3,1.6
144,K10Fe4Sn4S17,2.2
145,Pb0.95Te0.95Ge0.05S0.05,0.4
146,BaSe,3.58
147,K4In4P6Se20,2.2
148,Pb0.94Sn0.06Te,0.28
149,Bi2Te0.45Se2.55,0.2
150,KNb3Te2O12,3.52
151,Cd4P2I3,2.17
152,Cr2S3,0.9
153,InSe,1.32
154,Sr0.5TaO3,3.7
155,Tb4GaSbS9,2.44
156,Na3Sb,1.1
157,B12P2,3.3
158,Dy2Te3,0.69
159,TiTlS2,1
160,Bi2S3,1.25
161,Ba2GaYTe5,1.08
162,Pb0.99Se0.99Sn0.01Se0.01,0.31
163,Tl2InGaSe4,2.05
164,NaLaS3,2.61
165,CsGe5BO12,4.89
166,Tl2.35Sb8.65Se14,0.6
167,SnS0.8Se0.2,1.03
168,Hg3PS4,2.03
169,Zn2In2S5,2.95
170,Cs2ZnGe3Te8,1.07
171,EuSb4S7,0.98
172,PbSe,0.17
173,Na0.75Eu1.625GeSe4,2
174,PbI2,2.36
175,ZnHg3Se2Cl4,2.23
176,EuBiW2O9,3.63
177,CsSb,0.8
178,Hg2I2,2.37
179,Rb3CdB5O10,2.34
180,Hg0.5Cd0.5Se,0.8
181,TlInSe2,1.44
182,TaGaSe2,2.17
183,Ir0.67Se2,0.45
184,Bi2Se3,0.4
185,La2Ge2Se7,1.08
186,Bi12GeO20,3.25
187,CaSnO3,4.4
188,Ba2Sb7O14H,2.7
189,GaS,2.7
190,Sr3EuP3O12,3.99
191,Zn0.15Cd0.85Se,2.5
192,CuCl,3.2
193,CsLuCoS3,1.5
194,BiSBr,1.92
195,CoP2,0.35
196,NaBr,7.03
197,Pb0.95Mn0.05Te,0.37
198,TlBr,2.64
199,Ba6Ga2SnSe11,1.99
200,La4Cd4In2S13,2.27
201,CsAg2AsS3,2.7
202,HgSe,0.6
203,MnO2,1.3
204,SbSI,1.97
205,CuSbSe2,1.05
206,Ce2Sn3Se9,0.3
207,Hg0.7Cd0.3Te,0.27
208,RuSe2,1
209,Na2Hg3Ge2S8,2.68
210,Hg4P2ZrCl6,3.22
211,Cs3Bi,0.55
212,RbCd4Ga5S12,3.02
213,GaSb,0.82
214,Cs4Cu3Bi9S17,0.9
215,SeTe,1.58
216,GaTe,1.8
217,La1.86Tb1.14Ga1.67S7,2.67
218,ZnSe,2.79
219,SrPbO3,1.78
220,Na7Co2O6,0.5
221,In0.99Al0.01P,1.3
222,PbSe0.99S0.01,0.26
223,Bi2Te2Se,0.3
224,Cu3NbSe4,2.45
225,Ba4LiGa5Se12,2.65
226,GaSe,2
227,Ag3SbS3,2.08
228,Ga0.4Al0.6P,2.4
229,Tl2Se,0.37
230,RbInTe3O8,3.9
231,K2RbSb,1.2
232,Ga2Te3,1.45
233,CdIn2Te4,1.28
234,PbO2,1.45
235,AgFeTe2,0.3
236,TlCl,3.56
237,ZnSe,2.82
238,Li2WTeO6,4
239,Nd2Se3,1.75
240,SbSeI,1.91
241,K3B6O10Cl,6.89
242,ZrSe3,1.5
243,Rb5BS4O16,3.99
244,KCuThS3,2.95
245,InSb0.3As0.7,0.11
246,Cu3AsS4,1.24
247,Pr2Te3,1.3
248,Eu3Sb4S9,1.2
249,Ba2V2Te2O11,3.16
250,Na2In2GeS6,3.17
251,AlSb,1.5
252,HgIn2Se4,0.6
253,Cd4V3Te3O15,2.66
254,AgAlS2,3.13
255,Rb2Cu2SnS4,2.08
256,TlBr,3.01
257,TlTaS3,0.78
258,CuGaTe2,1
259,Cu0.35Ga1.65S2.65,2.57
260,CdBiO2Cl,3.08
261,Ga2S3,2.85
262,Si30P16Te8,1.24
263,Ga1.01Sb0.99Se0.03,0.62
264,EuHo2Se4,1.8
265,HgSe,0.1
266,As2Te3,1.72
267,GaN,3.4
268,CuCl,3.28
269,Zn0.5Hg0.5Se,0.75
270,Mg3Sb2,0.82
271,GeSe,1.28
272,TaGaS2,2.46
273,Pb0.01Sn0.99Te,0.26
274,Pb0.8Sn0.2Se,0.08
275,SmTe,0.32
276,Ce2GeSe5,1.7
277,RbBiSe2,0.9
278,GaAs0.05Sb0.95,1.28
279,CrSb2,0.16
280,La2GeSe5,1.24
281,TlScTe2,0.85
282,GaS,2.58
283,CdSb,0.45
284,Sr2TiO4,3.41
285,Nb2O5,3.08
286,In6S7,0.7
287,Hg4P2HfCl6,3.26
288,PbSe,0.27
289,DyN,2.6
290,CsInTe3O8,3.9
291,Cu5Ta11O30,2.58
292,LiB3O5,7.75
293,LaF3,6.6
294,AlN,5.9
295,Zn2In2S5,2.5
296,K2Sb8Se3,1.31
297,CaS,6
298,CdSiAs2,1.5
299,IrP2,1
300,Ba3Bi2TeO9,2.3
301,As2Te3,1.63
302,NaNO2,3.02
303,Cs3As,0.6
304,CuInS2,1.5
305,SnS2,2.43
306,SbI3,2.5
307,RbI,6.26
308,PbSe0.5S0.5,0.33
309,Mn2P2Se6,2.5
310,Na2CdGe2Se6,2.37
311,KAg2PS4,3.02
312,Cu0.5Ga1.5S2.5,2.46
313,P2Se5,2.2
314,Na2BaSnS4,3.27
315,Pb4Ga5GeS12,2.35
316,CsAg5Te3,0.65
317,GaSb,0.78
318,TlBr,2.63
319,CdS,2.58
320,TlPTe,0.3
321,Pb0.94Se0.94Ge0.06Te0.06,0.28
322,BiI3,1.8
323,BaZnGeSe4,2.46
324,SiP2,1.89
325,Pb7Bi4Se13,0.29
326,Sr2Bi5.42La2.58S14,1
327,YbSnTe2,0.75
328,BaPrO3,2
329,CaS,5.38
330,As2S3,1.89
331,Dy2O3,5
332,AgGaGe5Se12,2.14
333,LaBeB3O7,5.65
334,Ba2GaSmTe5,1.04
335,Zn0.7S0.7Ga0.3P0.3,2.4
336,Na2EuGeSe4,2
337,AlSb,1.63
338,Li6Rb5B11O22,6.53
339,K9Bi13S24,1.4
340,MnO,3.6
341,KBaB5O9,3.65
342,FeI2,5.15
343,CdS,2.53
344,La3LuSe6,1.26
345,PrF3,5.9
346,NdIn3S6,1.15
347,AgS,1.2
348,NaSbSe2,1.6
349,Mg2Sn,0.33
350,NdFMoO4,3.66
351,CdSb,0.56
352,Ru2Ge3,0.34
353,ZnAs,0.9
354,Bi2YVO8,2.09
355,LiTaO3,4.1
356,CsYbCoSe3,0.95
357,K2Hg3Sn2S8,2.4
358,PbSe,0.18
359,Ho2HfS5,1
360,FeSi2,0.9
361,RbInSnS4,2.7
362,Ba2NdGaS5,2.12
363,Ga0.99P0.99Zn0.01Se0.01,2.24
364,EuLiH3,1.5
365,AgInSe2,1.04
366,Pb4Ga5GeSe12,1.91
367,Ba2InTaO6,4.17
368,Ca6Bi6O15,3.34
369,RbCd4Ga5Se12,2.19
370,Pb0.99Te0.99Ge0.01S0.01,0.32
371,Tl2Te3,0.2
372,CdTe,1.5
373,LiNbO3,4
374,LiInTe2,1.46
375,PtSb2,0.1
376,As2S3,2.78
377,SbSI,1.82
378,GaN,3.5
379,As2Te3,1.64
380,Zr6O,0.18
381,K6Nb2.97Ta1.03S25,2.01
382,Cu2MgSiS4,3.2
383,InAs,0.43
384,UP2S9,1.41
385,LiInS2,3.56
386,Sn3As2,0.47
387,InP,1.5
388,NaAsSe2,1.52
389,Ga0.4As0.4Zn0.6Se0.6,1.8
390,GaAs0.65Sb0.35,0.68
391,TaGaSe2,2.23
392,Mn11Si19,1
393,Mg2Sn,0.22
394,CdSe,1.8
395,NaSbTe2,0.47
396,Pb17O8Cl18,3.44
397,KH2PO4,7
398,Hg3PS3,1.98
399,ZnS,3.69
400,Cu2ZnGeSe4,1.63
401,Tb2GeS5,2.1
402,CI4,2.26
403,ZrS3,2.17
404,Ag3AsSe3,2.24
405,KI,6.31
406,Mg2Sn,0.19
407,Ce2Te3,1.4
408,Cs2Bi8.81La1.19S16,1
409,Cs2Ta2P2Se12,2.29
410,Tl3TaS4,2.18
411,Rb2Zn3Se4O12,4.9
412,CuIn3Se5,0.6
413,Tl2InGaTe4,0.88
414,Ga0.95Sb0.95Hg0.05Te0.05,0.69
415,SrZrS3,0.8
416,Cd4P2Br3,2.19
417,Ca3Ti2Si3O12,1.65
418,Bi2Mo2Se2O13,3.15
419,Cu2ZnSiS4,3.2
420,BiCuOS,1.07
421,CdGeAs2,0.61
422,Ga0.6Al0.4P,2.35
423,PtSb2,0.05
424,CsYTe3O8,3.4
425,Cu3SbS4,1
426,Ba23Ga8Sb2S38,2.84
427,CdF2,6
428,Nd2YbCuS5,1.35
429,Ba2HgS5,2.4
430,AgTe,0.85
431,ZnSe,2.8
432,Ag3AsS3,2.24
433,CuNbO3,2
434,In5Se6,0.14
435,CdIO4H,4.35
436,CuGa2S3.5,2.42
437,Pb0.97Sn0.03Te,0.21
438,Ba3ThSe7,1.96
439,Ag3AsS3,2
440,ZnYBiO4,1.58
441,Hg3Te2UCl6,2.6
442,PbGa4S7,3.08
443,MoO3,3.54
444,ErSe2,1.07
445,CuTlSe2,1.07
446,KAsSe2,1.63
447,SmCuOS,2.9
448,CsYZnSe3,2.41
449,LiB3O5,7.78
450,BiI3,2.03
451,InSb0.7As0.3,0.16
452,Bi0.2Te3Sb1.8,0.28
453,K2FeGe3Se8,1.95
454,GaS,2.84
455,Zn0.01Cd0.99Se,2.5
456,CuBr,3.08
457,KI,6.25
458,CuBr,2.91
459,Bi2Te0.6Se2.4,0.28
460,AlP,3.62
461,Bi2Te0.03Se2.97,0.27
462,RbCu4AsS4,2.15
463,ZnGeP2,2.34
464,YPdSb,0.27
465,GeSe,1.08
466,Pb0.94Se0.94Sn0.06Se0.06,0.22
467,LiNbO3,3.9
468,Sb2Te3,0.19
469,CdGeP2,1.65
470,KI,6.28
471,Hg0.01Cd0.99Se,0.29
472,MnSb2O4,2.65
473,Cu0.2Ga1.8S2.8,2.7
474,Cs2Ba3P4O14,6.31
475,LiRbCO3,6.28
476,SnSe,0.88
477,OsP4,0.6
478,Sb2Se3,1.2
479,Pb0.94Sn0.06Se,0.14
480,Rb4Ge3B6O17,5.42
481,Eu2Se3,1.02
482,ZnGeP2,2.2
483,CdGeAs2,0.41
484,GaSe,2.02
485,As2S3,2.35
486,GeS,1.65
487,CsBr,7.18
488,Cs3Bi2I9,1.9
489,Pb0.995TeGa0.005,0.37
490,Cd3P2,0.6
491,In0.9P0.9Ga0.1As0.1,1.32
492,As2S3,2.74
493,Na3Sb,1
494,Ca2SnS4,2.32
495,EuO,1.12
496,ZrO2,4.99
497,CsInSn2Se6,1.78
498,TlCl,3.75
499,RbGeB3O7,5.58
500,Cd0.01Te0.01Al0.99Sb0.99,2.21
501,CsGdZnTe3,2.13
502,LiGaO2,5.6
503,Ag2GeTe3,0.07
504,KTiPO5,3.8
505,AsI3,2.29
506,As4S4,2.4
507,RhSbTe,0.5
508,NaSbSe2,1.36
509,GaN,3.47
510,TlCr5S2Se6,0.75
511,K2AgIn3Se6,1.64
512,BaF2,9.1
513,ZnSnP2,2.1
514,Ga0.15As0.15Zn0.85Se0.85,2.25
515,CsGaSnSe4,1.97
516,Ca10Ge16B6O51,5.47
517,CdIn,0.6
518,Ba2InGdTe5,1.36
519,Rb3Ta2AsS11,2.21
520,HgIn2Te4,1.25
521,FeSi2,0.95
522,RbScSe2O6,4.9
523,BaIn2Se4,2.63
524,Ag2O,1.5
525,GeS,1.58
526,BaF2,9.21
527,TlBr,2.65
528,SrS,4.8
529,AsSI,2.05
530,CaTaO2N,2.4
531,Pb0.999Sn0.001Te,0.18
532,NaSb,0.82
533,NaAsSe2,1.46
534,AgAsS2,2.14
535,K3Bi2I9,2.1
536,ErTe,0.9
537,LiCdBO3,4.28
538,Na2ZnSn2S6,2.93
539,Ca2Sn,0.9
540,GeS2,3.71
541,Cu2ZnSiSe4,2.33
542,Sm2Te3,0.7
543,K3Ta2AsSe11,1.45
544,K4Nb2S11,2.42
545,SnGe,0.4
546,Mg2Sn,0.3
547,Zn0.43Cd0.57Se,2.8
548,LaH2NO5,4.76
549,TlS2,1.8
550,Bi2Te2.4Se0.6,0.27
551,Sr3BiP3O12,4
552,ZrSe2,2
553,BaIn2P4O14,3.97
554,La2NiVO6,0.45
555,TiO2,3.3
556,Sn0.5GaZn5.5O8,2.99
557,CdS,2.58
558,K2PbGe2S6,2.85
559,Rb4GeP4Se12,2
560,CsTa3Se2O12,3.88
561,Hg0.01Zn0.99Te,2.3
562,Ge0.02Si0.98,1.08
563,Cd4As2Br3,1.88
564,PbBiO2Cl,2.45
565,CuInSe2,0.96
566,CdSe,1.67
567,EuBi2Te4,0.44
568,La4InSbS9,2.07
569,ZnS,3.78
570,SbI3,2.12
571,YbIn3S6,1.31
572,GaAs,1.52
573,Ag8GeS6,1.18
574,Cs4GeP4Se12,2
575,AgN3,3.44
576,Sm1.82Lu2.18Se6,1.51
577,Si2Te3,2.03
578,LaMg2PdH7,1
579,SiAs,1.57
580,CsErZnSe3,2.56
581,GaSb,0.7
582,Pb2Nb2Se4O15,2.79
583,RbAg5P2S8,2.4
584,Ba2InYTe5,1.36
585,LiZnN,1.98
586,In0.7Al0.3P,1.9
587,CdSe,1.84
588,KTa3Te2O12,4.06
589,KI,6.2
590,TlSe,0.56
591,Zn3Sb2,0.11
592,LuIn3S6,1.27
593,Hg8As4Bi3Cl13,2.43
594,AgN3,3.9
595,PbI2,2.53
596,Na2Hg3Sn2S8,2.45
597,AgTlTe2,0.1
598,Pb3BiV3O12,2.5
599,K2Nd2Ti3O10,3.25
600,Pb0.99Sn0.01Te,0.23
601,Zn3As2,1.1
602,Na2Hg3S2.51Se1.49,2.03
603,BaIr2Ge4S6,1.54
604,Ba3GeS5,3
605,HgSe,0.32
606,EuSe,3.1
607,Tl4GaIn3S8,2.63
608,CaO,7.09
609,Li2B4O7,7.3
610,KI,6.17
611,K3CdB5O10,3.47
612,KSbS2,1.6
613,RbBr,7.2
614,Hg0.2Cd0.8Se,0.45
615,Pb0.85Sn0.15Se,0.14
616,Bi2Te2SO10,3.6
617,Hg0.06Zn0.94Te,2.12
618,ZnSe,2.82
619,KSm2CuS4,2.17
620,MgO,7.78
621,SnS0.25Se0.75,0.94
622,Rb9Bi13S24,1.3
623,La20Mo12O63Cl4,2.4
624,Bi3TeBO9,2.6
625,AgInSe2,1.18
626,Li2HgGeS4,2.46
627,In2Se3,1.2
628,PtSb2,0.08
629,FeAsS,0.4
630,Bi2O2CO3,3.42
631,Ge0.774Si0.226,1.5
632,Cu2CdGeS4,2.05
633,Ba2V4Te3O18,2.64
634,CuP2,1.4
635,Pb0.999Sn0.001Te,0.32
636,TlInSe2,1.21
637,Mg2Sn,0.36
638,K2AuI5O15,2.65
639,CuI,3.1
640,NbIrSn,0.28
641,Pb0.85Sn0.15Te,0.13
642,CdIn30Te46,1.17
643,CoPS,0.4
644,CsLaHgSe3,2.51
645,La6Sb4S3O12,2.6
646,Hg0.14Zn0.86Te,1.73
647,As2Se3,1.85
648,InP,1.34
649,TlPS2,1.7
650,Bi3Se2NO11,3.59
651,Pb0.65Se0.65Sn0.35Te0.35,0.09
652,FeSi2,0.88
653,GaAs0.2Sb0.8,1.02
654,In2Se3,1.25
655,Ni2Te3O8,3.84
656,LiSbTe2,0.13
657,Sr4V2Se6O21,2.66
658,LiBiS2,0.18
659,Hg7.5As4Cl6,1.73
660,KH2PO4,6.95
661,RbCdB3O6,4.2
662,Rb3Ag9P4S16,2.6
663,KZn4B3O9,2.32
664,AlP,3
665,CaS,5.4
666,InAs,0.42
667,Sr8Ga16Ge30,0.05
668,BiSBr,1.88
669,In2P3B1O12,5.39
670,InSe,1.34
671,Cs2PdSe8,1.5
672,Sb8O11I2,2.72
673,Ga0.01Sb0.01Zn0.99Te0.99,2.1
674,ScPdSb,0.23
675,Bi2Se3,0.35
676,RbCd4Ga5Te12,1.64
677,CuGaS2,2.4
678,InP,1.42
679,Ba3Nb2Se9,1.3
680,GaAs,1.52
681,Pb0.9Mn0.1Te,0.49
682,As2S3,2.23
683,Rb2GeB4O9,5.54
684,InSb0.1As0.9,0.14
685,CdSnAs2,0.3
686,CdS,2.6
687,Tl2SeAs2Te3,0.67
688,LiSm3SiS7,2.83
689,Pb0.9Se0.9Bi0.2Te0.3,0.25
690,GaSb,0.81
691,Pt0.97S2,0.95
692,ThOTe,1.45
693,CdSb,0.43
694,ZnO,3.48
695,CsInSnS4,2.9
696,CdTe,1.61
697,PbGa2S4,2.38
698,PbTe,0.22
699,Pb0.99Se0.99Ge0.01Te0.01,0.23
700,Cs2ZnGe3S8,3.33
701,CuCl,3.22
702,Zn2MoSeO7,4.2
703,Pb0.01Sn0.99Te,0.3
704,Ga2Se3,2.3
705,Tb4Al2O9,4.59
706,Li2HgGe,0.93
707,CsAu,2.3
708,In0.5Al0.5P,2.4
709,PtS,0.38
710,Ba2SmTaO6,3.02
711,CeBiW2O9,2.34
712,Bi9O7.5S6,1.27
713,SbTeI,1.28
714,Rb2Cd3B16O28,4.76
715,K2Ta15O32,0.33
716,CdSe,1.87
717,Hg0.14Zn0.86Te,1.66
718,CdSb,0.54
719,Li2ZnSnS4,2.87
720,EuYb2S4,1.6
721,Rb2CuNbSe4,2.19
722,ZnTe,2.18
723,CsB3O5,7.42
724,SrTiO3,3.15
725,Pb0.9Ge0.1Te,0.35
726,Cu2Se,1.23
727,EuBi2Se4,1.02
728,Rb3Nb2AsSe11,1.5
729,KTi2F7,6.4
730,TlSbS2,1.92
731,Mn11Si19,0.5
732,TlSe,0.7
733,Cd4LuB3O10,3.7
734,VO2,0.12
735,Cu0.8Ga1.2Se2.2,1.58
736,CdIn2Se4,1.72
737,Bi38ZnO58,2.88
738,KI,5.61
739,Na2Hg3Si2S8,2.86
740,GaS,2.6
741,RhSSe,0.7
742,SrPr2S4,2.7
743,CsAsSe2,1.86
744,GaAs0.86Sb0.14,0.66
745,PrFMoO4,3.64
746,Ge0.9355Si0.0645,1.04
747,PtAs2,0.5
748,CsYCdSe3,2.54
749,Cd4As2I3,1.89
750,AgInSe2,1.15
751,Ga0.4Al0.6As,2.3
752,Sc2S3,2
753,Zn0.85Hg0.15Se,1.8
754,CdIn2Te4,0.9
755,HgO,2.21
756,Zn0.01S0.01Ga0.99P0.99,2.25
757,Sb2S3,1.7
758,Tb2Mo3O12,1.6
759,GaSe,1.93
760,TaGaSe2,1.65
761,HfSe2,2.2
762,Ag2GeSe3,0.91
763,Rb3Bi2I9,2.1
764,CuInTe2,1.06
765,Cd0.55Te0.55Al0.45Sb0.45,1.93
766,AlSb,1.65
767,Hg2Cl2,2.84
768,Ag4Ba6Sn4S16,2.37
769,Nd2Te3,1.12
770,Ba2GaGdTe5,1.12
771,Mn3Ta2O8,1.89
772,RuSb2,0.3
773,Cs3Sb,1.6
774,Li2GaGe2Se6,2.64
775,GaSe,1.98
776,Gd2Se3,2.2
777,Rb2Cu2Sn2S6,1.44
778,LiI,5.62
779,Eu3S4,1.7
780,ZnSe,2.87
781,RbBr,7.7
782,AlP,3.1
783,BaHgS2,1.93
784,BaB2O4,6.43
785,Li9Ga13Te21O66,4.45
786,BiSb0.15,0.02
787,Ag0.1Cd0.8In2.1Te4,0.29
788,In2As2O5Cl2,4.62
789,CdTlS2,1.5
790,Cd3As2,0.14
791,InSb,0.25
792,Eu2O3,4.5
793,TlInS2,2.3
794,Na2PtI6O18,2.4
795,K6Nb1.07Ta2.93S22,1.88
796,OsSbTe,0.05
797,AlSb,1.62
798,SnS,1.42
799,Ag2O,1.59
800,InN,2.1
801,YVTeO10,2.2
802,PtSb2,0.11
803,Bi1.4Te3Sb0.6,0.17
804,KPbPO4,4.44
805,SiSe2,1.74
806,Na2Zn3Se4O12,4.9
807,PbTe0.05Se0.95,0.26
808,In4Te3,0.55
809,CsBiS2,1.4
810,Ba4CuInSe6,2.23
811,SrSnO3,4.1
812,VO2,0.5
813,Tl3VS4,1.97
814,CuCl,3.27
815,Na2Be4B4O11,7.3
816,Ce2S3,1.12
817,RhP2,1
818,Ga0.99As0.99Zn0.01Se0.01,1.39
819,Cd3As2,0.64
820,CuI,2.8
821,Sb2Se3,1.3
822,Ce2Ge2Se7,1.1
823,ZnAs2,0.91
824,NaBiS2,0.38
825,ZnO,3.46
826,Hg0.25Zn0.75Te,1.37
827,As2Te3,1.75
828,Eu7Ga6Sb8,0.6
829,ZnS,3.74
830,SmBiW2O9,3.39
831,CrSi2,1.3
832,PbS,0.41
833,Ga0.99Sb0.99Hg0.01Te0.01,0.72
834,YPtSb,0.16
835,ZnSe,2.71
836,OsSbS,1.2
837,CdS,2.44
838,Sb2S3,1.92
839,K4GeP4Se12,2
840,AgBiSe2,0.34
841,CsInS2,3.4
842,In0.3As0.3Ga0.7P0.7,2.05
843,NaAsSe2,1.75
844,TlCl,3.47
845,Cs2AgBiCl6,2.77
846,CdSnP2,1.5
847,CuGaS2,2.53
848,Ba2GaBiTe5,1.43
849,Ca3B2N4,4.1
850,BaUSe3,1
851,Sb2Se3,1.4
852,SmIn3S6,1.18
853,ZnIn2S4,2.8
854,Cu0.5Pb1.75GeS4,1.48
855,ZnTe,2.26
856,PAs,0.23
857,FeAsSe,0.6
858,Sb2O3,3.31
859,KInGeS4,3.1
860,Ba2SnSe5,1.8
861,ZrS3,2.28
862,Mn15Si26,0.7
863,Pb0.94Se0.94Sn0.06Se0.06,0.19
864,Hg0.9Cd0.1Se,1.3
865,HoN,1.9
866,Zn3Sb2,0.2
867,Cu0.2Ga1.8Se2.8,1.86
868,Rb2CdP2Se6,2.58
869,Pb0.92Se0.92Sn0.08Te0.08,0.22
870,Ag3SbS3,1.81
871,Cs2Hg4.65Cd1.35S7,1.84
872,TiSe2,1.55
873,In0.7P0.7Ga0.3As0.3,1.58
874,SnI2,2.4
875,GaS,2.58
876,Bi2Te1.5Se1.5,0.29
877,Pb0.85Se0.85Ge0.15S0.15,0.34
878,NaI,5.8
879,OsP2,1.13
880,CdSiP2,1.8
881,Na2In4SSe6,1.92
882,CuAlSe2,2.7
883,Cu3YbS3,1.56
884,RbSbTe2,0.38
885,Pb3BiP3O12,3.7
886,Ce8Sb2S15,1.99
887,Ba2Ca2B4O10,5.6
888,ZnSb,1.11
889,K2AgVS4,1.85
890,BaCuSbSe3,1.6
891,GaHSeO4,5.51
892,GaSe,2.15
893,Ga0.75As0.75Zn0.25Se0.25,1.51
894,ZnS,3.73
895,RbBiSe2,0.92
896,GeSe2,2.38
897,Cu0.4Ga1.6S2.6,2.45
898,ZnTe,2.37
899,ZnTe,2.34
900,Cs3Nb9Te4O32,3.22
901,Cd5Ga2S2Te6,1.29
902,AgSbS2,1.9
903,In0.01P0.01Ga0.99As0.99,1.43
904,BiCuOSe,0.82
905,Cu4Sn7S16,0.8
906,ZnTe,2.2
907,Ce1.3Lu0.7S3,1.25
908,InP,1.35
909,LiGaS2,3.76
910,Ag2.7Ba6Sn4.3S16,1.58
911,Sm2YbCuS5,1.28
912,Pb0.85Sn0.15Se,0.13
913,K2Hg3Ge2S8,2.64
914,CsScSe2O6,5.2
915,CdTe,1.44
916,GaN,3.21
917,La2HfS5,0.7
918,PbSe,0.22
919,Ba2B4O9H2,5.12
920,ZrSe3,1.6
921,Cu2Se,1.5
922,CdGa2Se4,2.75
923,InN,2.4
924,AgAsS2,2.26
925,SnS0.01Se0.99,0.89
926,Mg3Sb2,0.8
927,ZrC,0.6
928,NaI,6.75
929,CdSnP2,1.17
930,PtS,0.64
931,TaGaS2,2.45
932,CsBiS2,1.39
933,ZnSe,2.69
934,Sr2ScSbO6,3.57
935,CdGa2S4,3.44
936,KBiSe2,0.67
937,HgTe,0.18
938,La3FMo4O16,3.7
939,TlN3,3.58
940,Sb2Se3,1.13
941,VO2,0.4
942,Cs4Th2P6S18,2.8
943,Mg2Si,2.27
944,CsSbTe2,0.43
945,Ga0.6In0.4As,0.81
946,In0.99As0.99Cd0.01Te0.01,0.76
947,Ga0.5In0.5As,0.75
948,PbSe,0.29
949,RbBi3Se5,0.48
950,TbIn3S6,1.2
951,PbCoO3,0.28
952,KSbSe2,1.72
953,RbH2I3O9,4.07
954,EuN,1.25
955,CuAlTe2,2.06
956,Bi2Te0.3Se2.7,0.24
957,La2Se3,1.97
958,Tl3VS4,1.7
959,Na2Ti3O7,3.51
960,Pb0.995TeIn0.005,0.43
961,CdSe,1.85
962,In0.9As0.9Ga0.1P0.1,0.45
963,RbCaBO3,3.67
964,CuInS2,1.57
965,ZnO,3.2
966,Cu0.5Ga1.5Se2.5,1.76
967,KGaSe2,2.6
968,KIO3,3.83
969,Ga0.9Sb0.9Zn0.1Te0.1,1
970,PdTe2,1.8
971,Zn3B2O6,2.6
972,CuGaSe2,1.71
973,RbNb3Te2O12,3.49
974,Tl2S,1
975,ZnS,3.68
976,CdAs2,1
977,LiGaSe2,3.57
978,CdSe,1.86
979,GaTc,1.42
980,CdIn2S4,2.7
981,GaAs,1.52
982,AlSb,1.52
983,Pb0.85Sn0.15Te,0.15
984,Pb0.77Sn0.23Te,0.04
985,CdSiP2,2.2
986,K2Se,1.8
987,SbSI,1.93
988,In6Se7,0.34
989,Sb2Se3,1.15
990,InP,1.42
991,GaAs0.8P0.2,1.62
992,Bi24BO39,2.91
993,Cu2MgGeS4,2.36
994,BaGa2GeS6,3.26
995,K10Co4Sn4S17,1.31
996,PbS,0.31
997,K2.15Pb1.7Sb8.15Se15,0.6
998,Hg6.5As4CdCl6,2.05
999,PbS,0.38
1000,CdS,2.66
1001,CsAsSe2,2
1002,TlCr5S5Se3,0.89
1003,AgSbTe2,0.48
1004,NaInTe2O6,4
1005,CdS,2.58
1006,Pb3Cl4TeO3,3.79
1007,Na0.5Pb1.75GeS4,2.08
1008,LiAsS2,1.6
1009,Cs4Ag9Sb4S12,2
1010,CuGa3Se5,1.89
1011,RuP2,1
1012,InSb,0.22
1013,ZnO,3.26
1014,AgGaS2,2.64
1015,CaI2,5.98
1016,GaAs0.99P0.01,1.37
1017,PbTe,0.22
1018,Nd2O3,4.4
1019,GeO2,5.54
1020,Hg0.77Cd0.23Te,0.21
1021,RbPbPO4,4.35
1022,Li2MoTeO6,3.5
1023,CuIn3Te5,1.01
1024,LiGd5P2O13,3.73
1025,AgS,1.34
1026,Li2HgSiS4,2.68
1027,InN,2.21
1028,CdSb,0.53
1029,EuTb2Se4,2
1030,As2S3,2.6
1031,GaSe,2.07
1032,CdGa2Se4,2.41
1033,CdSiAs2,1.51
1034,KBiCu2S3,1.29
1035,PbSe,0.28
1036,ZnIn2Se4,1.95
1037,InSe,1.29
1038,In2Bi3Se7I,1.38
1039,SbSBr,2.22
1040,Pb0.99TeIn0.01,0.53
1041,K2MnSnSe4,1.7
1042,IrSe2,0.9
1043,VFeSb,0.46
1044,LaGaS3,2.5
1045,CsBi2,0.55
1046,PbSnS3,0.9
1047,GeSe,1.38
1048,CaTe,4.3
1049,ZnIn2Se4,2.05
1050,RbNbSe2O7,4.1
1051,HgIn2Te4,1.17
1052,CdS0.55Se0.45,2.05
1053,K2S,2.1
1054,Zn0.99Hg0.01Se,2.6
1055,Tl4CdI6,2.8
1056,Cu0.1In1.9Se2.9,1.45
1057,PbTe,0.33
1058,BaSe,3.7
1059,HgBr2,3.59
1060,Cd3P2,0.53
1061,Ga1.1Sb0.9Te0.3,0.7
1062,Ag2O,1.6
1063,Cd3Sb2,0.3
1064,CsTm9Cd4Se18,2.16
1065,Bi2Te0.4Se2.6,0.7
1066,EuTe,2.06
1067,NaYTe4O10,3.9
1068,K2La2Ti3O10,3.05
1069,Pb0.99Ge0.01Se,0.27
1070,TlInTe2,0.62
1071,Pb0.9Se0.9Ge0.1S0.1,0.32
1072,K2Mo2Se2O11,3.3
1073,ZnIn2S4,2.6
1074,PbBr2,3.31
1075,As2S5,2.48
1076,LaCuOSe,2.83
1077,NaH3Se2O6,4.9
1078,IrSSe,1.2
1079,GaAs,1.43
1080,GeS,1.68
1081,MgO,7.7
1082,SbSI,1.95
1083,GaN,3.5
1084,Cu2ZnSiTe4,1.47
1085,OsAs2,0.92
1086,CdTeO3,3.91
1087,Pb0.85Sn0.15Te,0.23
1088,KIO3,4.02
1089,Hg4As2UCl6,1.9
1090,RhS3,1.5
1091,AgNb2PS10,1.78
1092,ZnS,3.56
1093,Sm3S3BO3,2.5
1094,GdScS3,2.1
1095,In6S7,0.89
1096,EuIn2Se4,1.31
1097,Cs2AgBiBr6,2.19
1098,Pb0.9Sn0.1Se,0.17
1099,PbS,0.39
1100,LiGaTe2,2.31
1101,CdSiP2,2.4
1102,OsSb2,0.21
1103,CeTaN2O,1.9
1104,Ag3AsS3,2.03
1105,Ce4InSbSe9,1.69
1106,CdS,2.66
1107,YN,1.9
1108,CdSnP2,1.16
1109,TbClWO4,4.24
1110,CdIn2Se4,1.3
1111,LiAsSe2,1.1
1112,RbCl,8.5
1113,ZnAs2,0.92
1114,CoSb2,0.2
1115,SnS0.99Se0.01,1.11
1116,BaPdI4O12,1.97
1117,Fe2O3,2.2
1118,Hg0.2Zn0.8Te,1.4
1119,Ge0.88Si0.12,0.84
1120,GaSe,2.1
1121,NaSbP2S6,2.17
1122,K2Ge3B2O10,5.38
1123,Bi2S3,1.4
1124,Pr2GeSe5,1.8
1125,SrTiO3,3.4
1126,Ag3SbS3,2.02
1127,As2S3,3
1128,As2S3,2.06
1129,Rb2CuVS4,1.85
1130,Rb4Mo5P2O22,3.51
1131,InAs,0.43
1132,Ag3SbS3,2.33
1133,K2CuVS4,1.82
1134,GaAs,1.52
1135,Cu3TbSe3,0.16
1136,Sm2Se3,2.3
1137,AgInS2,1.9
1138,Cs4Cu3Bi9S17,0.6
1139,LiB3O5,8
1140,Bi2V2Se4O16,2.2
1141,Mg2GeSe4,2.02
1142,CdIn2Se4,2
1143,In0.99P0.99Ga0.01As0.01,1.3
1144,CdS,2.59
1145,NaBr,7.26
1146,CdGeAs2,0.65
1147,OsSb2,0.2
1148,GaAs0.01Sb0.99,1.37
1149,BiBr3,2.66
1150,Ga0.99Al0.01P,2.27
1151,CdSb,0.46
1152,ReSe2,1.15
1153,EuS,1.65
1154,Pb2BO3Cl,3.99
1155,Pb0.96TeIn0.04,0.37
1156,CsInSe2,2.81
1157,In0.6As0.6Ga0.4P0.4,1.25
1158,Ga0.5As0.5Zn0.5Se0.5,1.52
1159,Na2CsSb,0.8
1160,TlInS2,2.2
1161,ZnIn2Te4,1.87
1162,Ag3AsSe3,2.2
1163,K10Co4Sn4S17,1.8
1164,OsPS,1.4
1165,CuGa1.6In0.4S3.5,2.15
1166,Cu3SmS3,1.82
1167,ZnGeAs2,1.1
1168,InSb0.01As0.99,0.17
1169,Gd2Mo3O12,4.18
1170,PbBr2,3.5
1171,Ba2BiInS5,1.55
1172,BiFeSe3O9,2.54
1173,Cu2CdSnSe4,0.96
1174,Li3ScN2,2.9
1175,InBi2Se4Br,1.21
1176,GeS2,3.54
1177,Pb0.999TeIn0.001,0.3
1178,CuSbS2,1.38
1179,CaO,7.03
1180,LiMoIO6,2.8
1181,Hg0.9Cd0.1Se,1.32
1182,Pb0.8Ge0.2Se,0.35
1183,TlSbS2,1.42
1184,Cs2Hg3I8,2.56
1185,Ba2InSmSe5,2.22
1186,SbSeBr,1.87
1187,K2Al2B2O7,6.89
1188,PbTe,0.21
1189,CuInS2,1.54
1190,AlSb,1.32
1191,Zn0.9S0.9Ga0.1P0.1,2.8
1192,Ag2O,1.4
1193,Sb2Te3,0.3
1194,CsHgInS3,2.3
1195,Ge0.542Si0.458,2.24
1196,CuInTe2,0.89
1197,HgGa2Se4,1.95
1198,Sr3Ti2O7,3.26
1199,RuTe2,0.25
1200,CdTe,1.53
1201,CuInGeSe4,1.3
1202,GeTe2,0.3
1203,Zn3V2TeO10,2.96
1204,Zn3As2,0.51
1205,K2Hg3S1.03Se2.97,2.11
1206,NaSbP2S6,2.25
1207,InSb,0.24
1208,YNiSb,0.18
1209,NaAsSe2,1.57
1210,PbI2,2.41
1211,As2S3,2.1
1212,RbMn4Ga5Te12,1.53
1213,Cs2Hg5.75Cd0.25S7,1.66
1214,NiO,4
1215,CsI,6.4
1216,Se2B2O7,4.64
1217,Cd3P2,0.5
1218,SiTe2,1.85
1219,Cs2PdP2Se6,1.6
1220,Cu2SnSe3,0.7
1221,LaCuOTe,2.31
1222,BaSi2,1.3
1223,K2CeP2O8,2.46
1224,GaAs0.6P0.4,1.91
1225,Li2HgSnS4,2.32
1226,NaCl,8.5
1227,CdIn2S4,2.3
1228,Pb0.95Ge0.05Te,0.34
1229,InN,2.09
1230,KI,5.92
1231,As2Te3,1.62
1232,BSb,2.6
1233,CrO3,1.4
1234,CsBiSe2,1.07
1235,Mg3As2,2.2
1236,CsCu2SbS3,1.63
1237,AsI3,2.47
1238,Hg2Cl2,3.8
1239,Bi2Cu0.96Se3I,0.68
1240,CdS0.01Se0.99,1.68
1241,NaAsSe2,1.56
1242,TlSe,0.96
1243,Rb4Ag9Sb4S12,2
1244,AgIn9Te14,1.5
1245,Ba2SnSe4,1.9
1246,SnS,1.26
1247,BiOCl,3.46
1248,ZnO,3.44
1249,TiNiSb,0.42
1250,ZnS,3.67
1251,Cu0.01Ga1.99Se2.99,1.99
1252,Cu0.5In1.5Se2.5,1.24
1253,Na8Al8Si38,0.64
1254,AgI,2.92
1255,Cu0.3Ga1.7S2.7,2.6
1256,Ge2Sb2Te5,0.5
1257,CsPbPO4,4.39
1258,KH3Se2O6,4.9
1259,PdPAs,0.45
1260,K2Sm2Ti3O10,3.26
1261,Sn2WO5,2.6
1262,Pb0.95Se0.95Sn0.05Se0.05,0.19
1263,Ga2O3,4.4
1264,SnSe2,1.62
1265,Ga2O3,4.54
1266,RbBiS2,1.2
1267,NdB6,4.9
1268,GaAs0.5P0.5,2
1269,CsZn4In5Te12,1.61
1270,NiP2,0.3
1271,CsYbMnSe3,1.59
1272,Ba4AgGa5S12,2.52
1273,KInS2,3
1274,Ag2HgI4,2.47
1275,K10Zn4Sn4S17,3.1
1276,Gd1.87Lu2.13Se6,1.56
1277,Cs2SnP2Se6,2.06
1278,PdPS,1.4
1279,HgPS3,2.6
1280,AgInSe2,1.2
1281,CoTe1.88,0.2
1282,SrIr4In2Ge4,0.25
1283,NaSbF6,3.76
1284,CdIn8Te13,1.02
1285,Cu3GdTe3,0.52
1286,RbI,6.26
1287,Cu0.99In1.01Se2.01,1.08
1288,In0.5Ga0.5P,1.9
1289,Ge0.9Si0.1,0.8
1290,EuO,1.12
1291,TlGaSe2,1.65
1292,NaCl,8.4
1293,In4Se3,0.64
1294,CsErZnSe3,2.63
1295,InSe,1.3
1296,NaGaGe3Se8,2.35
1297,Bi3F3I4O13,3.7
1298,Pb0.94Sn0.06Se,0.22
1299,SnSe,0.9
1300,Cu3HoSe3,0.16
1301,RbInGeS4,3.1
1302,Cu2Se,1.1
1303,AgF,2.8
1304,KSbSe2,1.65
1305,Cu2Ga4Te7,1.18
1306,Sm2Sc3,2.3
1307,ZnO,3.25
1308,CdSnAs2,0.41
1309,Cd4As2I3,2.3
1310,WSe2,1.35
1311,Ba3B1.5S6Bi0.5,2.43
1312,Hg2Br2,2.6
1313,CdSb,0.42
1314,GaN,3.48
1315,BaSnO3,3.1
1316,Cs8Ga8Si38,1.14
1317,Ca5B3O9F,6.53
1318,BiOI,1.89
1319,PrO,0.55
1320,In6Se7,0.86
1321,SnS0.01Se0.99,0.95
1322,TlBr,3.12
1323,Hg6As4CdBr6,1.89
1324,YB66,0.8
1325,Bi3Ge3O10.5,3.3
1326,CrO2,0.23
1327,Pb0.98Se0.98Bi0.04Te0.06,0.28
1328,Cs3Bi,0.7
1329,V2O5,2.32
1330,GdB6,3.6
1331,La2S3,2.77
1332,Zn3As2,0.93
1333,Li4.5Mn0.5TeO6,1.97
1334,Rb2Te,4.5
1335,InSb0.4As0.6,0.1
1336,Ce3MoO7,2
1337,Pd3P2S8,2.12
1338,BaTiO3,3.1
1339,Cs2TiAg2S4,2.44
1340,InP,1.42
1341,Ga0.1As0.1Zn0.9Se0.9,2.34
1342,Zn3As2,0.96
1343,Ag0.4Cd0.2In2.4Te4,0.42
1344,PbS,0.44
1345,Y3GaS6,2.88
1346,Sc2O3,6.2
1347,Y6ZnSi2S14,2.38
1348,Tl2Cu2SnS4,1.4
1349,Ba3MgTa2O9,4.28
1350,Na3ZnB5O10,3.2
1351,LiBiS2,0.19
1352,GaAs,1.51
1353,KNbSe2O7,4
1354,NiP2,0.73
1355,ZnO,3.42
1356,GaSe,2.12
1357,CdGeAs2,1.1
1358,InS,2.07
1359,Nd2S3,2.65
1360,HfO2,5.55
1361,Rb2TiAg2S4,2.33
1362,AgInSe2,1.24
1363,La3InGe0.5S7,2.61
1364,Ba2InYSe5,2.31
1365,Pb0.8Se0.8Bi0.4Te0.6,0.22
1366,Pb6Sb6Se17,0.8
1367,Ba2GaBiSe5,2.21
1368,GaSe,2.1
1369,As2S3,2.8
1370,As2S3,2.57
1371,CdSe,1.87
1372,K2Cu2Sn2Se6,1.04
1373,ErN,3
1374,As2Se3,1.7
1375,TlCuCl3,2.98
1376,Er2Mo3O12,0.96
1377,Ba4Ge3Se9Cl2,1.89
1378,CuPbBiSe3,0.07
1379,Eu3As2,0.6
1380,HgCl2,4.45
1381,SrO,5.77
1382,Zn3As2,1
1383,TlSe,0.8
1384,AgInO2,4.2
1385,BaPdSe6,2.15
1386,AgS,1.3
1387,Cu3HoTe3,0.26
1388,ZnTe,2.37
1389,SbI3,2.49
1390,K4Ba2Nb4S22,1.77
1391,SnSi,0.59
1392,CoSbS,0.11
1393,InAs,0.41
1394,Pb0.999TeTl0.001,0.3
1395,Ge40.0Te5.3I8,0.8
1396,AlSb,1.68
1397,Ag3AsSe3,2.18
1398,Cs2Cd3Te4,2.48
1399,PdI2O6,1.31
1400,Ba3BSbS6,2.62
1401,Ba2GaNdSe5,2.18
1402,ZnGeP2,2
1403,K2CuGa3Se6,1.72
1404,CdSiAs2,1.62
1405,NaBiSe2,0.35
1406,Bi2Te2.1Se0.9,0.29
1407,Ta0.67Zr1.33O1.38N1.97,2.31
1408,Cd8B5O15F,3.14
1409,As2Te3,1.59
1410,Hg0.08Zn0.92Te,1.9
1411,TlHgInS3,1.74
1412,KTiPO5,3.54
1413,RbI,6.25
1414,GaS,2.59
1415,EuIn2Te4,1.22
1416,As2S3,2.37
1417,Tb2O3,3
1418,LiGaS2,4.15
1419,K2TiCu2S4,2.04
1420,KAu5PS8,2.14
1421,GaAs,1.51
1422,Tl4Ta2S11,1.26
1423,Er3SmSe6,2
1424,Pb0.6Ge0.4Te,0.51
1425,ZnS,3.7
1426,CrTe2,0.17
1427,CuCl,3.2
1428,PbS,0.28
1429,Bi2O3,2.86
1430,Cu0.9Ga1.1Se2.1,1.59
1431,CuFeTe2,0.16
1432,NdF3,6.15
1433,Pb0.85Se0.85Sn0.15Se0.15,0.22
1434,Hg0.4Cd0.6Se,0.7
1435,AgAsTe2,0.8
1436,SbSi,1.9
1437,GaAs,1.51
1438,Hg4As2CdI4,1.45
1439,Cu0.9In1.1Se2.1,1.06
1440,Cs4BiAs3Se7,1.02
1441,SrMgSnSe4,2
1442,Pb2BO4H,3.76
1443,K4Nb2S11,1.96
1444,LiAsSe2,1.11
1445,K2Sn3Sb2S10,2.3
1446,NaSbS2,1.48
1447,CuCl,3.28
1448,LiCa3As2H,1.4
1449,PbO2,1.4
1450,Pb0.8Sn0.2Se,0.06
1451,La2Se3,1.65
1452,ZnO,3.45
1453,CdS,2.42
1454,GeSn,0.8
1455,Bi1.6Te3Sb0.4,0.16
1456,GdN,1.54
1457,AgInS2,2
1458,Lu2CrS4,1.75
1459,MnF2,9.9
1460,CuGa2Se4,0.63
1461,La8Sb2S15,2.3
1462,Zn3Sb2,0.22
1463,NaCl,8.6
1464,Ag5IO6,1.4
1465,UY4O3S5,1.95
1466,Ta0.67Zr1.33O0.42N2.61,1.93
1467,InSe,1.26
1468,GeS,1.69
1469,Tl2GeTe3,0.37
1470,ZnGeP2,2.1
1471,Zn2LiGaO4,4
1472,BiIO3F2,3.97
1473,TlSbTe3,0.38
1474,Ba3B1.5S6Sb0.5,3.01
1475,GeSe2O6,5.31
1476,Pb0.87Sn0.13Se,0.02
1477,Cu3AsSe4,0.65
1478,AgTe,0.73
1479,Cd3Bi2,0.2
1480,RbBi3Se4Te,0.8
1481,DyAs,1
1482,Bi25TiO39,3.1
1483,Rb2TeBr6,2.14
1484,In2Se,0.69
1485,GeAs,1.45
1486,YVSeO10,2.7
1487,InSb,0.24
1488,KCu4AsS4,1.9
1489,K2ZnSn3S8,2.3
1490,B2O3,4.9
1491,As2S3,2.21
1492,PdS2,0.75
1493,GaS,2.59
1494,AgScO2,3.8
1495,ZnIn2S4,2.86
1496,CdSiP2,2.16
1497,CdGeAs2,0.53
1498,Gd2Mo3O12,4.06
1499,PbS,0.42
1500,AgGaTe2,1.1
1501,ScTiNbO6,3.58
1502,La3Sb0.33SiS7,1.92
1503,Cd4Sb2I3,1.83
1504,Ga2GeTe3,0.85
1505,Pb0.99Sn0.01Se,0.16
1506,GaAs0.15Sb0.85,1.1
1507,LiInS2,3.57
1508,Cu0.7In1.3Se2.3,1.1
1509,PbSe,0.15
1510,Ga0.95Sb0.95Cd0.05Te0.05,0.74
1511,Cu0.3In1.7Se2.7,1.21
1512,Cu0.15Ga1.85Se2.85,1.92
1513,GeO2,5.56
1514,CsYHgSe3,2.54
1515,Pr2Se3,1.8
1516,SiSe2,1.72
1517,Pb2N2SeO9,3.76
1518,Pb0.94Sn0.06Se,0.17
1519,Tl2BiP2S7,1.8
1520,SnS0.4Se0.6,0.98
1521,GeS,1.74
1522,Pb0.999Se0.999Sn0.001Se0.001,0.32
1523,In2Se2O7,2.97
1524,NH6PO4,6.81
1525,In2Se3,1
1526,SiSe2,1.73
1527,NaInSnS4,2.4
1528,Cs2TeBr6,2.12
1529,K0.6Cs0.4PSe6,2.1
1530,Ca2Ge,1
1531,Ba2ZnTe3,2.1
1532,Zn2In2S5,2.7
1533,CuGaO2,1.47
1534,Ni2InVO6,1.92
1535,PrB6,4.9
1536,Rb2Mo3Se3O16,3.1
1537,CdS,2.43
1538,RbInS2,3.3
1539,Ga1.001Sb0.999Se0.003,0.71
1540,BaGa4S7,3.54
1541,CuIn3Te5,1.2
1542,LiMgAs,0.7
1543,InSb,0.18
1544,Ba2ZnV2O8,3.48
1545,TlSe,0.57
1546,Bi2SI2O11,3.74
1547,Pb0.99Ge0.01Te,0.32
1548,ZrSe3,1.25
1549,ZnTe,2.26
1550,ZnSb,1.05
1551,Rb2AgPS4,2.6
1552,BaCu2SnSe4,0.48
1553,BiPO4,3.85
1554,Na2Se,2
1555,InAs,0.35
1556,La4FeSb2S10,1
1557,GdSb2BO8,3.48
1558,SbSeI,1.68
1559,SiSn,0.59
1560,Ba2Ga8SiS16,3.4
1561,PbS,0.37
1562,RbI,6.37
1563,Cu3AsS4,1.48
1564,Ag3SbS3,2.1
1565,K2Cu2Sn2S6,1.47
1566,Sb2Te3,0.35
1567,Zn0.8Hg0.2Se,1.4
1568,EuO,1.12
1569,Ag2V2I4O16,2.24
1571,HgO,2.48
1572,NaNb2PS10,1.72
1573,CuGa3Se5,1.75
1574,Zn2MoTeO7,4.1
1575,TlInS2,2.25
1576,ScTa2O5N,2.67
1577,AgInS2,1.88
1578,CdAs2,1.13
1579,Ag0.25Cd0.5In2.25Te4,0.39
1580,In6S7,0.95
1581,TbSb2BO8,3.53
1582,TlPrSe2,1.18
1583,BaGa2SnSe6,1.6
1584,GeSe2,2.3
1585,ZnO,3.44
1586,ZnTe,2.1
1587,In2Se3,1.38
1588,Ag2SnSe3,0.84
1589,AgGaSe2,1.3
1590,CdSnAs2,0.31
1591,InSb0.5As0.5,0.1
1592,B4C,1.64
1593,GdH2NO5,4.84
1594,Cu2GeSe3,0.85
1595,TlCl,3.23
1596,GaAs0.7Sb0.3,0.67
1597,PbI2,2.55
1598,ZnO,3.44
1599,GaN,3.48
1600,PdO,0.8
1601,Tl2TeS3,1.6
1602,AgFeTe2,0.58
1603,GeS2,3.43
1604,ZnS,3.82
1605,CaPr2S4,2.9
1606,Hg0.1Cd0.9Se,0.35
1607,InP,1.42
1608,InSb,0.23
1609,Ba2BiGaS5,2.38
1610,Cd3As2,0.19
1611,Bi24VO41,3.25
1612,V2O4,0.66
1613,SnS,1.3
1614,Pr1.29Lu0.71S3,1.38
1615,AgAsSe2,1.4
1616,TlInSe2,1.1
1617,InAs,0.33
1618,TaGaSe2,2.12
1619,AlN,6.03
1620,Sr8.007Ge2.043Bi7.949Se24,0.74
1621,Zr3O,0.2
1622,In0.4As0.4Ga0.6P0.6,1.85
1623,TlCr5S8,1.01
1624,Cu3TbTe3,0.46
1625,Na2CdGe2S6,2.57
1626,La2Ga2GeS8,2.78
1627,CsLuCoS3,1.18
1628,La2MoO5,0.49
1629,Ba7B3O9F5,4.94
1630,Ag2GeSe3,0.9
1631,In2Se,0.65
1632,Ge0.4Si0.6,0.94
1633,CdIn2Te4,1.17
1634,BaTaO2N,1.78
1635,SnS0.25Se0.75,0.99
1636,Ag3AsS3,1.98
1637,Ge0.838Si0.162,1.32
1638,DyPO4,6.38
1639,HoIn3S6,1.23
1640,Ag2S,1.23
1641,PbTe,0.36
1642,Hg0.99Cd0.01Se,1.72
1643,PbTe0.99Se0.01,0.3
1644,GaBi,0.1
1645,PrTe2,1.29
1646,CsInGeSe4,2.32
1647,ZnSe,2.82
1648,RbNb4Br11,0.46
1649,CuP2,1.45
1650,SnSe,0.95
1651,PbSe0.95S0.05,0.26
1652,CsI,6.37
1653,K3Ti2P5S18,1.61
1654,Ba3FeS4Br,1.65
1655,CdP4,1.15
1656,PrIn3S6,1.14
1657,SiAs2,0.88
1658,ZnIn2Te4,1.8
1659,Eu3Sb4Se9,1.08
1660,MgGeN2,4.2
1661,Ca4Bi6O13,2.76
1662,PrCuOS,3.03
1663,Cu0.05Ga1.95S2.95,2.64
1664,H6PtI6O20,2.12
1665,TlBr,3.3
1666,Hg0.77Cd0.23Te,0.12
1667,PbTe,0.3
1668,Cu2WSe4,1.65
1669,SnTe,0.3
1670,Li2In2SiSe6,2.54
1671,In0.3P0.3Ga0.7As0.7,1.67
1672,GaAs0.2P0.8,2.2
1673,RbCd4In5Se12,1.57
1674,Sm3Te4,0.51
1675,YbSb4Te7,0.22
1676,CsLiB6O10,6.89
1677,DyN,2.1
1678,Li6Mo6Se6O33,3.3
1679,Zn0.85S0.85Ga0.15P0.15,2.4
1680,K8Ce2I18O53,2.34
1681,Rb3Al3Ge7S20,3.1
1682,Ba3Er2P4S16,3.3
1683,Li2ZnGeSe4,1.86
1684,K2Te,1.9
1685,CaO,6.93
1686,PbBiO2Br,2.3
1687,Tl2GeTe3,0.36
1688,Bi12TiO20,3.09
1689,WSe2,1.57
1690,PrLuSe3,1.56
1691,BP,4.2
1692,KSb5S8,1.82
1693,Ga1.02Sb0.98Te0.06,0.68
1694,VO2,0.66
1695,GdTe,1.3
1696,Pb0.59Ge0.41Te,0.49
1697,ZnSe,2.83
1698,CuZn2InTe4,1.05
1699,Cs2Al2B2O7,4.13
1700,Ba8Hg4S5Se7,1.98
1701,GaAs,1.44
1702,Pb0.9Se0.9Sn0.1Se0.1,0.24
1703,CdSb,0.47
1704,La2O2ZnSe2,3.4
1705,AgFeSe2,0.23
1706,CuBr,3.07
1707,GaSe,2.12
1708,TlPSe2,0.5
1709,In0.97As0.97Cd0.03Te0.03,0.71
1710,WO3,2.7
1711,Hg2Cl2,3.5
1712,GaAs,1.51
1713,Sb2S3,1.69
1714,K2Ag3Sb3S7,2.2
1715,AgGaS2,2.73
1716,InS,2.45
1717,Bi1.98Te3Sb0.02,0.14
1718,K2ReH9,5.71
1719,TlPSe2,0.6
1720,AgGaSe2,1.66
1721,Eu3Se4,0.58
1722,Ge0.999Si0.001,0.65
1723,Hg2Cu3Te6O16,2.56
1724,Ag8SnSe6,0.71
1725,MgO,7.67
1726,Bi2AsO4Cl,3.43
1727,Cs2TeI6,1.5
1728,Ag2GeS3,1.98
1729,ZnSnAs2,0.9
1730,Cd4YB3O10,3.78
1731,LiZnBO3,3.1
1732,OsP4,0.4
1733,AgSbS2,1.88
1734,TiTe2,1
1735,Pb2SbS2I3,2
1736,Cs3Bi2Br9,2.5
1737,La3Mg0.5SnS14,1.71
1738,ZnIn2S4,2.85
1739,CdS,2.6
1740,TlBiTe2,0.12
1741,Sc2O3,6
1742,InSe,1.12
1743,GaSb,0.73
1744,BaGa2SiSe6,2.88
1745,Ba2InGdSe5,2.24
1746,Cu3Ta7O19,2.47
1747,GaP,2.77
1748,PbTe,0.19
1749,PbSe,0.14
1750,K2CdP2Se6,2.58
1751,K1.83Cd1.83Bi2.17S6,1.37
1752,In4Te3,0.42
1753,Ag3AsSe3,1.86
1754,CsCd4In5Te12,1.42
1755,Ce4Ge3S12,2.3
1756,Tl2Hg3S4,2.05
1757,CuGa3Te5,1.09
1758,CuPbBiS3,0.12
1759,KBi3S5,1.21
1760,CsCaBO3,4.2
1761,Hg0.65Cd0.35Te,0.28
1762,TlGaTe2,1.8
1763,Cu3GdS3,1.62
1764,Cu3TmTe3,0.14
1765,LiBi3O4Cl2,3.35
1766,As2Se3,1.81
1767,TlCl,3.46
1768,KSi2P3,1.72
1769,NaNO2,3.13
1770,NaBiS2,0.42
1771,AgSbSe2,0.67
1772,La2YbCuS5,1.45
1773,In0.1P0.1Ga0.9As0.9,1.6
1774,CdSe,1.82
1775,Mg2Sn,0.14
1776,Ga0.28In0.72As,0.55
1777,ZnAs2,0.9
1778,Ag7AsSe6,1
1779,Ag2CdGeS4,2.32
1780,InP,1.28
1781,AgLi0.33Ti0.67O2,2.7
1782,Hg0.06Zn0.94Te,2.03
1783,YbGa2Se4,1.8
1784,Ca2SmTaO6,3.45
1785,Pb0.8Sn0.2Te,0.11
1786,Ba4B11O20F,7.1
1787,GaSe,2.11
1788,In2O3,2.8
1789,CrSb2,0.14
1790,ZnIn2S4,2.5
1791,Na2Nb4Se4O19,3.56
1792,Cd3As2,0.12
1793,Bi2Te1.2Se1.8,0.28
1794,Cs2B4SiO9,6.53
1795,Cs10Cd4Sn4S17,3.16
1796,TlInS2,2.52
1797,KIO3,3.71
1798,Rb2Hg3Ge2S8,2.8
1799,Rb2TeI6,1.4
1800,SbSI,1.96
1801,GeSi,0.88
1802,Cs5P5Se12,2.17
1803,NaAsS2,2.23
1804,Ho2GeS5,2.5
1805,La2Se3,1.7
1806,TaGaS2,3.4
1807,MnP4,0.28
1808,CdSe,1.82
1809,K10Zn4Ge4S17,3.34
1810,YbS,0.98
1811,Tl2Au2Sn2Se6,1.2
1812,Cs2Bi2Cd2S5,1.7
1813,LiInI4O12,4.27
1814,TeSe3,1.87
1815,Cr3Se4,1.59
1816,Ga0.65Al0.35As,2
1817,K2Bi8Se13,0.47
1818,Zn6S5Cl2,2.71
1819,CuInSe2,0.8
1820,CuInTe2,0.88
1821,CsCl,7.8
1822,Pb0.99Sn0.01Se,0.22
1823,Pb0.999Se0.999Bi0.002Te0.003,0.79
1824,Ag2O,1.57
1825,Pb3B3O10N,3.64
1826,MnVTe2O8,1.9
1827,Cd0.99Te0.99Al0.01Sb0.01,1.6
1828,KTbSe4,1.65
1829,GaAs,1.42
1830,ZnAs2,1.2
1831,SrBiO2Cl,3.52
1832,FeSi2,1
1833,Ho2Mo3O12,1.07
1834,K2SmP2S7,2.59
1835,K10Zn4Sn4S17,3.2
1836,CdS,2.58
1837,InSb,0.23
1838,CdS,2.52
1839,AlSb,1.7
1840,Li0.2Na0.8AsSe2,1.57
1841,Mg2Sn,0.35
1842,Ba5V3O12F,3.85
1843,LiI,6
1844,NaCd4P3,1.1
1845,AlSb,2.22
1846,AlSb,1.49
1847,EuSb2Se4,0.95
1848,Pb0.93TeIn0.07,0.32
1849,ZnMoSb2O7,3.3
1850,AsSeI,1.76
1851,InS,2.06
1852,Pb0.999Sn0.001Te,0.21
1853,In0.94As0.94Cd0.06Te0.06,0.68
1854,TlN,1.4
1855,NaInI4O12,4.25
1856,ZnSb,1.09
1857,AgAlO2,3.6
1858,KF,10.3
1859,PbSe0.9S0.1,0.27
1860,AgAlTe2,1.9
1861,Ba2AgInS4,2.32
1862,Sb2Se3,1
1863,PbTe,0.29
1864,PtPAs,0.4
1865,Tl2CeP2S7,2.4
1866,LiPbSb3S6,1.6
1867,Cd2V2Te2O11,2.48
1868,TlCl,3.8
1869,As2S3,2.45
1870,SnGa4Se7,2.55
1871,Ho2O3,5.42
1872,Cd3P2,0.59
1873,Ba2GaSbTe5,1.66
1874,Hg0.7Cd0.3Se,1.1
1875,PbSe,0.26
1876,PbS,0.6
1877,PbI2,2.54
1878,GaAs,1.48
1879,InP,1.41
1880,In0.9Al0.1P,1.5
1881,Na3Sn2F6Cl,3.88
1882,SnS,1.22
1883,CdS,2.53
1884,ZnO,3.35
1885,K5In3P6Se19,2.2
1886,SnI4,2.38
1887,H2Ti6O13,3.4
1888,Li2B12Si2,2.27
1889,PbSb2Se4,1.8
1890,PdS,0.5
1891,Cd0.9Te0.9Al0.1Sb0.1,1.36
1892,KAuI4O12,2.75
1893,CsCl,8.1
1894,Ba3Tb2P4S16,3.37
1895,KBiSiS4,2.25
1896,Ba4Si3Se9Cl2,1.76
1897,Al2Te3,2.2
1898,FeIn2Se4,1.15
1899,CsNbSe2O7,4.2
1900,FeSc2,0.77
1901,Ga0.99Sb0.99Cd0.01Te0.01,0.72
1902,Cs3Nb2AsSe11,1.35
1903,K3Ta2AsS11,2.21
1904,GaSb,0.81
1905,CuGaGeSe4,1.38
1906,Ba5Ga6SnP12,1.21
1907,DyIn3S6,1.22
1908,InP,1.41
1909,Pb4V2Se6O21,3.37
1910,EuGa2S4,2.25
1911,PbMnIn2S5,1.45
1912,ZnTe,2.28
1913,PbCdP4O12,4.85
1914,Mg2Pb,0.15
1915,Na2CdSnS4,2.52
1916,LiCsCO3,6.19
1917,ThOSe,1.65
1918,PbTe,0.19
1919,SbI3,2.22
1920,CdIn2S4,2
1921,HgSe,0.24
1922,Tl3CuNb2Se12,0.8
1923,YH2NO5,4.83
1924,Mg3P2,1.4
1925,Zn0.4Hg0.6Se,0.42
1926,InSb,0.27
1927,Rb3Sb2I9,1.94
1928,In0.6Al0.4P,2.12
1929,Ba4Sb3S8Cl,2.09
1930,Li2CdGe,0.99
1931,ZnSiP2,2.07
1932,Bi2O3,2.91
1933,CdTe,1.45
1934,In6Se7,0.72
1935,BaTiO3,3.04
1936,NaInS2,1.9
1937,Bi14.7In11.3S38,1.45
1938,CdGa2Se4,2.48
1939,Bi2S3,1.45
1940,Cs2CdP2Se6,2.63
1941,EuTe,1.96
1942,Pb0.93TeTl0.07,0.54
1943,ErBiW2O9,3.26
1944,Cu2Se,1.29
1945,LiAsSe2,1.5
1946,LiGaGe2Se6,2.64
1947,Eu3In2P4,0.45
1948,GdAs,0.63
1949,CsGaS3,3
1950,AsNMg3,1.33
1951,Ba2InErSe5,2.29
1952,CsPSe6,1.9
1953,Sb2Se3,1.11
1954,BiSCl,1.89
1955,Hg0.63Cd0.37Te,0.35
1956,CdS0.8Se0.2,2.23
1957,ZnTe,2.35
1958,Gd2S3,2.55
1959,Na2TeS3,2.35
1960,AgPbBiS3,1.2
1961,Hg4As2ZrCl6,2.48
1962,BaBiO2Cl,3.71
1963,CdSnAs2,0.4
1964,CdGeAs2,0.85
1965,RbYbZnSe3,2.07
1966,CdGeAs2,0.72
1967,Cd4As2Br3,1.78
1968,HgIn2Te4,0.86
1969,NaInTe2,1.6
1970,FePS,0.25
1971,PtSb2,0.06
1972,Tm2O3,4.53
1973,PtAs2,0.8
1974,K1.46Sn3.09Bi7.45Se15,0.39
1975,CdSiAs2,1.52
1976,NaBa2Cu3S5,0.45
1977,GaN,3.39
1978,RuS2,1.8
1979,KEuAsS4,1.89
1980,Pb0.61Ge0.39Te,0.56
1981,TlSe,0.65
1982,Cu3YbSe3,0.2
1983,Pb0.96TeTl0.04,0.57
1984,Pr2Se3,1.9
1985,Li2FeSnS4,1.86
1986,InAs,0.47
1987,PbGa2Se4,1.83
1988,Mg2Pb,0.04
1989,Ba2B6O11,5.17
1990,As2B12,1.51
1991,TlAsS2,2.22
1992,InSe,1.25
1993,PbO2,1.5
1994,SeS,1.9
1995,Pb0.99TeGa0.01,0.42
1996,BaRh2Ge4Se6,1.09
1997,CsGeI3,1.6
1998,RbBiS2,1.36
1999,Rb1.45Pb3.1Sb7.45Se15,0.45
2000,SmTe,0.62
2001,MgSiN2,4.05
2002,CoSb3,0.5
2003,MgTe,3.6
2004,Ba2InDySe5,2.27
2005,Ba4AgInSe6,2.41
2006,KH3Se2O6,4.88
2007,ZnTe,2.3
2008,PdPSe,0.15
2009,B2O3,4.89
2010,BiFSeO3,3.83
2011,KCl,8.5
2012,Pb0.9Sn0.1Te,0.16
2013,ZnIn2Se4,1.82
2014,Ag2ZnSiS4,3.28
2015,Cd3As2,0.43
2016,Bi2Te3,0.25
2017,CdSe,1.84
2018,MoO3,3.66
2019,Zn2In2S5,2.65
2020,K8Zr6Se30,1.81
2021,PbO2,1.7
2022,Si2Te3,2.18
2023,InP,1.35
2024,LaVI5O16,3.58
2025,KBiS2,0.9
2026,CdSe,1.7
2027,BAs,1.45
2028,CdSb2Se3Br2,1.4
2029,La2O2FeSe2,0.7
2030,BaZn2As2,0.23
2031,ZnSnAs2,0.67
2032,YbSb2S4,1.12
2033,HgTe,0.15
2034,CdTe,1.56
2035,AgCl,5.13
2036,CuInSe2,1.01
2037,TlSbSe2,0.82
2038,GeS,1.59
2039,Th2GeSe2,1.98
2040,Rb2Cu2Sb2S5,1.6
2041,CuGaS2,2.43
2042,Ba1.88Ta15O32,0.13
2043,Cs6Na2Zn4Ge42,0.3
2044,Cu0.35Ga1.65S2.65,2.53
2045,Li4.5Ga0.5TeO6,4.99
2046,KGaSnSe4,1.73
2047,AlN,6.09
2048,Cu0.95In1.05Se2.05,1.07
2049,Cu2Te,1.08
2050,CdIn2Se4,1.45
2051,Cu2SnSe3,0.83
2052,Hg0.8Zn0.2Te,0.08
2053,BaSe,3.6
2054,Zn0.3S0.3Ga0.7P0.7,2.3
2055,TeI4,1.1
2056,KSbS2O8,4.64
2057,CdS0.99Se0.01,2.4
2058,RbCl,8.29
2059,Ba2InNdTe5,1.37
2060,Ba2GaSmSe5,2.27
2061,ZnI2,4.53
2062,K2CuNbSe4,2.14
2063,InBi2S4Br,1.5
2064,Ga0.01P0.01Zn0.99Se0.99,2.6
2065,TiS3,0.9
2066,ZnSe,2.8
2067,Hg2I2Te2,1.85
2068,SbSI,1.92
2069,Ba3Ta2Se9,1.6
2070,ZnSnAs2,0.66
2071,Cs2MgSn3Se8,1.92
2072,Ce10OSe14,1.93
2073,K2P2Se6,2.08
2074,EuSb4Te7,0.54
2075,CsAgSb4S7,2.04
2076,WSe2,1.49
2077,TlSe,0.79
2078,Ca3Sb2,1.4
2079,TlBr,3.07
2080,Na8CsB21O36,4.67
2081,Cu2P2S6,2.2
2082,Ag3AsS3,2.2
2083,SrTe,3.77
2084,TlBr,2.64
2085,ZrNiSb,0.55
2086,Mg2Sn,0.34
2087,PtS2,0.75
2088,CeFMoO4,2.52
2089,InSb,0.24
2090,Rh0.67S2,1.5
2091,Nd4Ge3S12,2.62
2092,GdB66,1.27
2093,InP,1.42
2094,CuNb3O8,1.47
2095,BaGa2SnSe6,1.95
2096,Pb0.92Sn0.08Te,0.13
2097,Cs2HgI2Cl2,2.15
2098,PbTe,0.25
2099,ZnS,3.66
2100,Ge0.891Si0.109,1.13
2101,Ba2GaSbSe5,2.51
2102,La4InSbSe9,1.76
2103,AgAlSe2,2.55
2104,Pb0.999Sn0.001Te,0.23
2105,BaF2,9.2
2106,InAs,0.42
2107,Ge0.8Si0.2,0.86
2108,GaSe,2.13
2109,InS,1.8
2110,Ga0.8In0.2As,1.07
2111,YbS,1.33
2112,TlCu3Lu2Se5,2.12
2113,GaTe,1.67
2114,LiF,11.7
2115,Cu0.99Ga1.01Se2.01,1.59
2116,Gd3.04Sc0.96S6,1.5
2117,Pb0.999TeGa0.001,0.3
2118,CdTe,1.58
2119,CdSiP2,2.25
2120,Ba2ScTaO6,4.19
2121,ZnSnSb2,0.4
2122,La2MnNiO6,1.2
2123,ZnIn2S4,2.7
2124,TlPS2,1.6
2125,Mg2Sn,0.31
2126,Li2ZnSnSe4,1.87
2127,ZnAs2,1.3
2128,TlInSe2,1.14
2129,ZnSnSb2,0.3
2130,InP,1.35
2131,RbH3Se2O6,4.84
2132,Pb0.83Sn0.17Se,0.04
2133,CdTe,1.6
2134,Ga2Te3,1.32
2135,Ba2InErTe5,1.35
2136,CuI,3.12
2137,SnS0.8Se0.2,1.07
2138,Ga2GeTe3,0.84
2139,Ge0.92Si0.08,0.72
2140,Ge0.93Si0.07,1.04
2141,Er2Se3,1.66
2142,Bi2I4O13,3.3
2143,NaGe3P3,2.06
2144,K2ZnSn2Se6,1.71
2145,PtSe2,0.1
2146,GeS,1.74
2147,Cu2ZnSnTe4,1.39
2148,AlVTe2O8,2.9
2149,PtP2,0.8
2150,AgAlTe2,1.8
2151,Bi3In4S10,1.42
2152,NaI,6
2153,AlP,2.51
2154,Ag2.7Ba6Sn4.3S16,1.38
2155,SnGeS3,2.23
2156,CaSm2S4,2.05
2157,K8Al8Si38,1.4
2158,BiSI,1.56
2159,Ce2YbCuS5,1.37
2160,Cu2O,2.59
2161,PbCl2,3.82
2162,CdGa2Se4,2.2
2163,BaClBF4,6.89
2164,Sn2S,0.95
2165,CdSb,0.43
2166,Pb0.995TeTl0.005,0.48
2167,GaAs0.99Sb0.01,0.7
2168,Cs2Te,3.5
2169,Th2Se5,0.37
2170,Fe2TiSi,0.4
2171,Hg0.1Zn0.9Te,1.74
2172,PbGeS3,2.4
2173,Na2KSb,1
2174,Mn2.04Gd1.47In0.49S5,1.75
2175,KAg2SbS4,2.2
2176,TlCl,3.23
2177,InSe,1.29
2178,Cs2CuNbSe4,2.19
2179,ZnIn2S4,2.9
2180,GaSb,0.67
2181,CuAlSe2,2.5
2182,La3CuGaSe7,1.36
2183,Cu2CdGeSe4,1.2
2184,Ba8Al10B12O41,3.1
2185,Bi12SiO20,3.2
2186,Ga2Te3O9,4.15
2187,HfS3,2.8
2188,Pb0.95Sn0.05Se,0.12
2189,InP,1.35
2190,KInSe2,2.68
2191,ZnO,3.3
2192,BiZn2VO6,2.4
2193,Hg0.3Cd0.7Se,0.55
2194,TaGaSe2,2.03
2195,KFe2BiO5,1.76
2196,Ga2Te3,1.33
2197,Cs2Cd3B16O28,4.76
2198,TlInTe2,0.68
2199,CuCl,3.22
2200,HfS2,2.9
2201,Fe4I3O24H15,2.3
2202,Cu0.35Ga1.65Se2.65,1.81
2203,KIO3,3.87
2204,K2AgSnSe4,1.8
2205,SmTe,0.35
2206,SmB66,0.8
2207,Ag3AsSe3,2.1
2208,Pr2Te3,1.16
2209,RbCl,8.3
2210,CdSe,1.75
2211,CsSbS2,2.8
2212,GaAs,1.4
2213,CdSe,1.74
2214,Li6Al2Te8O22,3.63
2215,Rb3Bi2Br9,2.62
2216,SnS,1.25
2217,Pr10OSe14,1.89
2218,EuS,1.65
2219,CuInSe2,0.92
2220,CuGaSe2,1.68
2221,Ag2SnS3,1.37
2222,BaTe,3.4
2223,Pb2B3O7.5H2,4.42
2224,YbSb2Te4,0.34
2225,Cs2Zn3Se4O12,4.3
2226,CeScO3,3.2
2227,SnSe,0.95
2228,Ag3AsS3,2.1
2229,Cu3AsSe4,0.88
2230,AlSb,1.8
2231,ZnTe,2.39
2232,Tl2TeI6,1.47
2233,AlB12,2.2
2234,Zn0.9Hg0.1Se,1.75
2235,ZnIn2S4,2.65
2236,Cd4As2Br3,1.93
2237,PbBr2,3.2
2238,AlB12,1.9
2239,Rh0.67Se2,0.7
2240,Ge0.001Si0.999,1.09
2241,Ga0.95Sb0.95Zn0.05Te0.05,0.85
2242,LiPbB9O15,4.75
2243,La2V2IO9,3.63
2244,CuCl,3.4
2245,Sn2SbS2I3,1.5
2246,Cd3P2,0.56
2247,Ba2B6O9(OH)4,6.53
2248,Nd2Se3,1.7
2249,Nd4InSbSe9,1.57
2250,Sm2O3,5
2251,ZnS,3.58
2252,TlInSe2,1.2
2253,YbTe,1.8
2254,RbZn4In5Se12,1.76
2255,TlInSe2,1.4
2256,Ga2Se2O7,4.61
2257,DyTe1.7,0.35
2258,Na2CdGe2S6,3.21
2259,NH6PO4,6.8
2260,ZnS,3.7
2261,AgGaS2,2.73
2262,InSb2Se4Br,1.35
2263,CdTeO3,3.55
2264,Cu2GeS3,0.53
2265,Sm4InSbS9,2.13
2266,Cs4Pb4Ge5S16,1.95
2267,HgGa2S4,2.79
2268,Cd3As2,0.17
2269,CsSmCdSe3,2.47
2270,CaF2,9.92
2271,ErN,2.4
2272,Hg0.25Zn0.75Te,1.25
2273,RbMoPO6,2.96
2274,RuPS,1.4
2275,CuCl,3.2
2276,NaI,5.93
2277,InAs,0.41
2278,GaSb,0.81
2279,SrSeO4,4.75
2280,SnSe,0.9
2281,TlCr5Se8,0.67
2282,TlInGeS4,2.3
2283,La3Sb0.33SiSe7,1.75
2284,CuInTe2,0.8
2285,K2Cu2ThS4,2.17
2286,K2Gd2Ti3O10,3.3
2287,Hg0.8Cd0.2Se,1.1
2288,As2Se3,1.8
2289,K2ZnSn3S8,2.55
2290,InP,1.29
2291,CuIn3S5,1.2
2292,ZnO,3.48
2293,Ga2S3,2.84
2294,GaSb,0.8
2295,CdP4,1
2296,TlCr5SSe7,0.71
2297,GaSe,2.01
2298,Sn2BiS2I3,0.9
2299,Cu0.35In1.65Se2.65,1.19
2300,Ba4Ge3S9Cl2,2.91
2301,CdSe,1.82
2302,BiSeBr,1.96
2303,Zn0.85S0.85Ga0.15P0.15,2.9
2304,NiS2,0.64
2305,Na8Eu2Ge4S12,2.15
2306,CaGd2S4,2.55
2307,Ho2S3,0.5
2308,K3Cu3Th2S7,2.49
2309,CuGaS2,2.5
2310,K4Nb2S11,2.35
2311,MoTe2,1.2
2312,IrSe2,1
2313,CdS,2.39
2314,K2ZnSn3S8,2.15
2315,Ga2Se3,2.05
2316,TlSe,0.74
2317,Ir2Sn3Se3,0.43
2318,Zn0.5Cd0.5Se,3
2319,CuZr1.86S4,1.26
2320,ZnS,3.63
2321,Hg0.8Cd0.2Se,1.3
2322,BaHgSe2,1.56
2323,La3GaGe0.5S7,2.54
2324,CeF3,4.85
2325,Cu3GdSe3,0.14
2326,Ce2O2FeSe2,0.64
2327,Dy4GaSbS9,2.58
2328,GaSe,2.12
2329,Ru2Si3,0.7
2330,CdP2,2.13
2331,AgIn3Te5,0.68
2332,CdSb,0.48
2333,InP2S4,2.75
2334,Zn0.55S0.55Ga0.45P0.45,2.4
2335,PbSeO4,4.3
2336,ZnSnP2,1.45
2337,Ba3SnSb2Se8,0.97
2338,LiAlB14,2.05
2339,Ga0.2In0.8As,0.5
2340,AgS,1.4
2341,Tb2Mo3O12,1.41
2342,LaB6,4.1
2343,NaAlGeS4,3.6
2344,CdSb,0.54
2345,Ag2NbP2S8,2.02
2346,LaGaO3,4.4
2347,Na0.5Pb1.75GeSe4,1.6
2348,As2S3,2.5
2349,InP,1.25
2350,CuGaS2,2.38
2351,InAs,0.36
2352,CaO,7
2353,Ba4CuGa5S12,2.82
2354,CsCdBO3,2.58
2355,Ga0.3P0.3Zn0.7Se0.7,2.15
2356,SmSnTe2,0.52
2357,ThO2,3.5
2358,BaTiO3,2.96
2359,RuAsS,1.2
2360,SbSI,1.85
2361,CeIn3S6,1.11
2362,NiP2,0.5
2363,AgTlSe2,0.72
2364,GaS,2.5
2365,CdS,2.41
2366,CuCd2InTe4,0.85
2367,GeAs2,1.1
2368,GeSe,1.1
2369,KBiSe2,0.61
2370,CdSe,1.83
2371,AgSbS2,1.99
2372,GeS,1.74
2373,SrSe,4.42
2374,PdP2,0.65
2375,Ba4Ga4SnSe12,2.16
2376,Na2GeIn2Se6,2.47
2377,Ba2In2S5,2.47
2378,BaCuSbS3,2
2379,Na2ZnGe2S6,3.25
2380,InSe,1.17
2381,Sb2S3,1.67
2382,GeSe2,2.49
2383,K3Cr2P3S12,1.35
2384,CdSe,1.9
2385,YClMoO4,3.82
2386,ReSi2,0.12
2387,As2S3,2.56
2388,Ag2MoI4O14,3.06
2389,Cd3As2,0.53
2390,HoN,1.88
2391,GeS,1.77
2392,CdSnAs2,0.5
2393,In0.99As0.99Ga0.01P0.01,0.3
2394,SmP,1.09
2395,CaF2,10
2396,CuCl,3.21
2397,Zn3P2S8,3.07
2398,GaP,2.75
2399,Ga0.58As0.58Zn0.42Se0.42,1.67
2400,CsYCdSe3,2.58
2401,In2GeTe3,0.7
2402,PdPS,1.38
2403,Na2Ga2SnS6,2.2
2404,Fe2P3B1O12,3.52
2405,ReO3,2.3
2406,Pb2BiS2I3,1.6
2407,Li3AlP2,2.75
2408,Cs2Sn3Sb2S10,2.34
2409,TlHg6S4Br5,3.03
2410,Rb3Sb,1
2411,Ce2YbCuSe5,1.05
2412,La3CuGeSe7,2
2413,RbYTe2O6,3.6
2414,CuInTe2,0.95
2415,LiIO3,4.37
2416,CsCd4Ga5Se12,2.21
2417,In0.5P0.5Ga0.5As0.5,1.75
2418,ZnS,3.64
2419,Cd6P7,0.85
2420,Ag2S,1.03
2421,Sb2Se3,1.1
2422,HgS,2.1
2423,CdGa2Se4,2.25
2424,Cs5BiP4Se12,1.85
2425,CdIO3Cl,4.3
2426,Eu4Te7,0.31
2427,V3As2O9,0.76
2428,GdIn3S6,1.13
2429,In0.8P0.8Ga0.2As0.2,1.4
2430,Li8GeN4,2.61
2431,NaNbSe2O7,3.65
2432,CdS,2.52
2433,Pb0.85Sn0.15Te,0.1
2434,AlSb,1.6
2435,TlBr,3.02
2436,AgSbSe2,0.62
2437,BiI3,1.81
2438,EuVO4,3.44
2439,CsRbP2Se8,2.41
2440,Na2In2SiS6,3.27
2441,NaScSe2O6,5.5
2442,MoTe2,1.1
2443,As2Se3,1.73
2444,CdP4,0.91
2445,Ba6Al4B14O33,3.44
2446,Mg3B50C8,2.7
2447,InP,1.45
2448,BaCdSnS4,2.3
2449,ZnSe,2.7
2450,PbI2,2.56
2451,Zn0.75Cd0.25Se,3.2
2452,Li4Rb3B7O14,6.53
2453,AgInTe2,0.93
2454,AsTe,0.74
2455,Pb2O3,1.67
2456,K10Sn3P8Se24,1.82
2457,Sm2ZrSe5,1.41
2458,Ba5Ga2Se8,2.51
2459,Ce15B8N25,3.5
2460,In0.1As0.1Ga0.9P0.9,2.25
2461,Sn0.5GaZn3.5O6,2.99
2462,Cu2Se,1.3
2463,CuIn5S8,1.34
2464,BaGa2GeSe6,2.81
2465,Ga0.25Al0.75As,2.42
2466,Cs2Cu3DyTe4,1.38
2467,LiI,5.9
2468,Rb1.54Cd1.54Bi2.46S6,1.33
2469,Cu2CdSnS4,1.4
2470,CuGaSe2,1.36
2471,Pb2V3Se5O18,3.14
2472,Li2In2GeSe6,2.3
2473,GaP,2.78
2474,ZnTe,2.23
2475,Fe2Te3,0.34
2476,LiIO3,4
2477,SrTiO3,4.1
2478,CuGaInS3.5,1.84
2479,KAg2SbS3,2.1
2480,Tl2Hg3Se4,1.57
2481,RbSbS2,2.13
2482,La2YbCuSe5,1.15
2483,In2S3,2
2484,NaAsS2,2.33
2485,Ag0.4Cd0.5In2.2Te4,0.19
2486,Cs2Hg3S4,2.8
2487,GaSe,2.13
2488,ZnO,3.44
2489,BiSeI,1.32
2490,MgSe,5.63
2491,CdIn2Te4,1.44
2492,In4S5,0.9
2493,Gd2Mn4S7,1.44
2494,YbClWO4,4.23
2495,Ba3Ta5O14N,2.8
2496,PbCdP4O12,4.87
2497,Sr2SmTaO6,3.38
2498,CsYbZnSe3,1.97
2499,LiGaSe2,3.34
2500,HfS3,3.1
2501,Hg4As2HfCl6,2.47
2502,CdSb,0.58
2503,KBaSbSe3,2.04
2504,BiSCl,1.93
2505,RbMn4In5Se12,1.76
2506,MnSe,2.5
2507,Cu0.15In1.85Se2.85,1.32
2508,KUO3Cl,2.37
2509,CsTb9Cd4Se18,1.95
2510,GeAs,1.65
2511,Cd3MoTe2O10,3.81
2512,ZnSnAs2,0.6
2513,ZnIn2S4,2.99
2514,GaSb,0.81
2515,Pb0.7Ge0.3Se,0.4
2516,CsInGeS4,2.4
2517,BiTeI,0.46
2518,GaTe,1.5
2519,Cs2Cu2Sb2S5,1.6
2520,Pb2H2P2O6,3.97
2521,Na7.36Ga7.24Sn4.78Se24,1.5
2522,GaTe,1.7
2523,CeN,0.7
2524,KYTe2O6,3.8
2525,Rb4Ti3S14,1.59
2526,BaGa2S4,4.13
2527,CsCd4In5Se12,1.62
2528,La2MoO5,1
2529,BaZnSiSe4,2.71
2530,Pr4Te7,0.46
2531,TeO2,3
2532,CdGa2S4,3.4
2533,KV2I3O13,2.3
2534,Cd3P2,0.55
2535,GaSe,2.2
2536,CaMg2N2,3.25
2537,MgSe,6
2538,Pr2.48Tb0.52Ga1.67S7,2.61
2539,Zn3In2S6,3.05
2540,Pb2Bi5.9La2.1S14,1
2541,TlAsSe2,1.4
2542,CsYbZnSe3,2.1
2543,Cd3P2,0.52
2544,PbSbO2I,2.48
2545,Ba8Ga10Si36,0.31
2546,Bi2O3,2.8
2547,Pb0.83Sn0.17Te,0.15
2548,KNb3Se2O12,3.46
2549,ZnO,3.49
2550,Tl3AsSe3,1.3
2551,CdGa2Se4,2.1
2552,CeMn0.5OSe,2.01
2553,InSe,1.35
2554,As2S3,2.36
2555,ThOS,2.22
2556,Tl4Nb2S11,1.8
2557,SmTe,0.22
2558,Hg4As2.5InBr3.5,1.71
2559,Li4.5Fe0.5TeO6,3.25
2560,Bi25FeO39,2.8
2561,Hg0.2Zn0.8Te,1.46
2562,CdO,2.3
2563,Bi2Te0.1Se2.9,0.78
2564,PbSbBS4,1.8
2565,ZnGa2Se4,1.72
2566,CuBiP2Se6,1.2
2567,Pb10B3O13Br3,3.25
2568,AgGaS2,2.62
2569,AgBiP2S6,1.7
2570,SrThP2S8,3.02
2571,UO2,2.18
2572,CuGaSe2,1.7
2573,DyB6,3.3
2574,K1.25Pb3.5Bi7.25Se15,0.53
2575,K2Cd2Te3,1.93
2576,Gd4GaSbS9,2.41
2577,NdCuOTe,2.26
2578,CsBiS2,1.46
2579,CdSiAs2,1.47
2580,ZnS,3.88
2581,OsTe2,0.3
2582,PbBiBO4,3.2
2583,Rb2Hg3Sn2S8,2.48
2584,LiBi4Ta3O12,3.5
2585,BaGa2SiS6,3.75
2586,BaF2,9.06
2587,BaTiO3,3.13
2588,AlB12,2.5
2589,RbAg2TeS6,2.04
2590,Ba3P3O10Cl,6.89
2591,Sm2Mn3Sb4S12,1.5
2592,CdIn2S4,2.6
2593,CdS0.35Se0.65,1.93
2594,CoAs3,0.4
2595,GeSe2O6,5.27
2596,RbPSe6,2.18
2597,Cu3ErTe3,0.24
2598,KTaO3,3.5
2599,SnS,1.09
2600,CdS,2.5
2601,In0.9As0.9Cd0.1Te0.1,0.69
2602,CsZn4In5Se12,1.61
2603,Na2KSb,1.1
2604,Pb0.9Sn0.1Se,0.12
2605,RbF,10.4
2606,InP,1.26
2607,PbI2,2.32
2608,SbSeI,1.63
2609,LiZnN,1.91
2610,Zn0.75Cd0.25Se,3.3
2611,CsBi3Se5,0.43
2612,Cu3DySe3,0.2
2613,Bi12PO20,3.25
2614,TlInSe2,1.12
2615,CdIn2Te4,1.12
2616,AgGaSe2,1.8
2617,LiNbO3,4.3
2618,CuCl,3.31
2619,CuCdInSe3,1.66
2620,RuSbSe,0.9
2621,Co2Te3O8,3.6
2622,Li4SrB2O6,6.67
2623,As2S3,2.64
2624,K4GeSe4,0.64
2625,CdCl2,5.7
2626,AlB12,1.96
2627,Na4MgGe2Se6,2.53
2628,AgI,2.82
2629,TaON,2.4
2630,Ba3BSbSe6,1.89
2631,EuLu2Se4,1.7
2632,GaP,2.74
2633,As2S3,2.48
2634,Na4MgSi2Se6,2.85
2635,CaSe,4.87
2636,CsCeHgSe3,1.94
2637,PbGa2GeSe6,1.96
2638,In0.96As0.96Cd0.04Te0.04,0.69
2639,CsCu2AsS3,2.3
2640,Sb2Se3,1.06
2641,SrLa2S4,2.85
2642,SrTiO3,3
2643,InP2S4,2.42
2644,Ga0.8Sb0.8Cd0.2Te0.2,0.8
2645,EuSb2S4,1.2
2646,BaGa4Se7,2.64
2647,KRbBi8Se13,0.64
2648,In0.4Al0.6P,2.3
2649,K8Ga8Si38,1.18
2650,CuFeSe2,0.16
2651,Cd3As2,0.13
2652,La3Te4,0.43
2653,Rh2S3,0.8
2654,Ga1.01Sb0.99Te0.03,0.68
2655,In0.4P0.4Ga0.6As0.6,1.74
2656,GaSe,2.13
2657,GaAs,1.52
2658,Sb2Te3,0.21
2659,Er2Mo3O12,1.04
2660,TlSe,0.67
2661,GaSe,2.17
2662,Ge0.1Si0.9,1.04
2663,Y2S3,2.9
2664,Ba3ZnTa2O9,4.32
2665,CuBS2,3.61
2666,Zn0.4Hg0.6Se,0.5
2667,Ta2O5,4.2
2668,Pb0.75Sn0.25Se,0.04
2669,Cu2ZnGeS4,2.1
2670,Cu0.2In1.8Se2.8,1.26
2671,AgS,1
2672,OsP2,1.2
2673,RbZrPSe6,2
2674,Bi2S3,1.2
2675,Zn3P2,1.15
2676,GeO2,5.63
2677,CdSe,1.73
2678,Ag2SnSe3,0.81
2679,NdTe2,0.48
2680,NaSbS2,1.8
2681,Cu2GeSe3,1.1
2682,Pb2GeSe4O12,4.1
2683,CsSmZnSe3,2.43
2684,Sb3O4I,2.61
2685,NaBaB5O9,4.78
2686,Bi2SeI2O11,3.7
2687,CdP2,2.15
2688,Dy3Al0.5SiS7,2.22
2689,TlCr5S4Se4,0.85
2690,Nd2ZrS5,1.83
2691,MnTe,1.35
2692,LiInSe2,2.83
2693,Ga1.005Sb0.995Te0.015,0.68
2694,Ba3InS4Cl,3.42
2695,EuVO4,3.26
2696,CuGa3Se5,1.81
2697,Bi5O7I,2.76
2698,CsLaHgSe3,2.46
2699,Mg2Pb,0.1
2700,CdSe,1.77
2701,NaI,5.89
2702,NaAsSe2,1.71
2703,TlSe,0.75
2704,ReSi2,0.2
2705,CdTe,1.6
2706,Zn0.99Cd0.01Se,3.7
2707,NaIn3S5,2.18
2708,TiC0.9,0.3
2709,KPbB5O9,3.1
2710,GaTe,1.63
2711,In2Te,0.46
2712,Cu0.4In1.6Se2.6,1.32
2713,ZnSnAs2,0.65
2714,BaS,3.88
2715,Cu2In4Te7,1.1
2716,PbTe,0.32
2717,K2Au2SnS4,2.75
2718,TlBr,3.4
2719,K3NaSn3Se8,2.2
2720,Rb2CuNbS4,2.64
2721,AgO,1.57
2722,ZnO,3.44
2723,CdS,2.55
2724,Rb2TiCu2S4,2.19
2725,OsSb2,0.3
2726,SbSI,2.02
2727,LiAlB14,1.82
2728,Ba3Sn0.87Bi2.13Se8,0.79
2729,K2CuIn3Se6,1.68
2730,Ce2Te3,1.22
2731,KCd4Ga5Se12,2.16
2732,EuGa2Te4,1.7
2733,PbBr2,3.23
2734,ScN,2.6
2735,Ba3Gd2P4S16,3.41
2736,K2CsSb,1.2
2737,CoAsSe,0.2
2738,Sm4GaSbS9,2.23
2739,Hg3ZnS2Cl4,2.65
2740,BeO,10.39
2741,Ga1.05Sb0.95Se0.15,0.66
2742,CdGeAs2,0.56
2743,Na3WO4Cl,4.99
2744,GeAs2,1.06
2745,GaAs,1.52
2746,In0.01Al0.99P,2.4
2747,Ba4CuGa5Se12,1.45
2748,GaSb,0.81
2749,CsCd4Ga5Te12,1.67
2750,InAsI,0.41
2751,Ag3SbS3,2.05
2752,GaSb,0.81
2753,CuFeSe2,0.15
2754,Cu3ScSe3,0.3
2755,RbBiS2,1.26
2756,Hg0.8Zn0.2Te,0.07
2757,AlN,6.28
2758,SiAs,1.45
2759,In2Se3,1.18
2760,HgSc,0.24
2761,Pb4Sb6Se13,0.65
2762,CdP4,0.99
2763,CdSnAs2,0.26
2764,Cs6.40Na1.60Ga8Ge38,0.22
2765,NaYbP2S6,1.85
2766,GaN,3.44
2767,Rb3NaMo2O8,4.84
2768,BeS,4.17
2769,Ag7AsS6,1
2770,Ga2S3,2.8
2771,TlAsSe2,1.35
2772,Ag0.2Cd0.75In2.1Te4,0.54
2773,WSe2,1.45
2774,NdCuOS,2.98
2775,Zn0.99Cd0.01Se,3.6
2776,ZnB12O24H10,4.6
2777,CdTe,1.66
2778,CdS,2.49
2779,Cs2Hg6S7,1.63
2780,CaB6,4.5
2781,AgIn5S8,1.76
2782,K4P8Te4,1.4
2783,V2O5,2.36
2784,CuBr,2.9
2785,Hg2Br2Te2,2.06
2786,ScNiSb,0.11
2787,BaGa2GeSe6,2.22
2788,Na2Te,2.3
2789,In4As5O12Br3,4.22
2790,CuBr,3.02
2791,TaN,2.3
2792,Na2Mo2Se2O11,3.1
2793,K4Ag9Sb4S12,2
2794,K2Gd2Sb2Se9,1.33
2795,RbBi3Se5,0.8
2796,RuSbTe,0.5
2797,SnS,1.07
2798,BiI3,1.93
2799,Zn0.7S0.7Ga0.3P0.3,2.5
2800,ZnSiAs2,2.12
2801,Dy3GaS6,2.81
2802,ZnSe,2.82
2803,La2Ga0.33SbS5,1.76
2804,BaB2O4,6.7
2805,UO,1.5
2806,CuSbS2,1.4
2807,SmS,2.3
2808,InSnAsSe,0.26
2809,ZnSe,2.68
2810,Cs4Zr3S14,2.35
2811,Ba7AgGa5S15,2.6
2812,CaNd2S4,2.7
2813,CsSmZnSe3,2.63
2814,NaIn3Se5,2.17
2815,PSe,2.5
2816,Hg0.01Zn0.99Te,2.17
2817,TlScSe2,0.79
2818,Sb2Te3,0.28
2819,Tl2O3,2.25
2820,CdGeAs2,0.5
2821,Mg2Sn,0.23
2822,SrPb3Br8,3.2
2823,CuFeS2,0.43
2824,KSbS2,1.67
2825,RbCl,8.2
2826,MnSb2Se4,0.31
2827,K2TeI6,1.38
2828,Na2TeSe3,1.87
2829,Cd3As2,0.11
2830,CsSb,0.61
2831,CsZrPSe6,2
2832,Zn2In2S5,2.68
2833,Eu3Bi4S9,1.18
2834,Ga0.01Al0.99P,2.49
2835,RbBa2P5O15,7.6
2836,LiMgBi,0.4
2837,NaBiS2,0.44
2838,PbI2,2.54
2839,CdGeP2,1.73
2840,CoSb3,0.49
2841,InSe,1.05
2842,Bi25GaO39,2.99
2843,Ba12In4S19,2.56
2844,Cu0.1Ga1.9S2.9,2.65
2845,Bi7F11O5,4.05
2846,Zn0.01Cd0.99Se,2.4
2847,Sr4Te3O8Cl4,4
2848,BaIn2S4,3.06
2849,AgInSe2,1.25
2850,InSb,0.23
2851,BaTiO3,3.06
2852,SrGe2,0.9
2853,Cu0.1Ga1.9S2.9,2.6
2854,Cd4P2Cl3,2.24
2855,In0.98As0.98Cd0.02Te0.02,0.73
2856,GaSe,2.09
2857,InSe,1.19
2858,WO3,2.8
2859,Na2Ga2GeS6,3.29
2860,Ga0.5Al0.5As,2.12
2861,CuScO2,3.3
2862,Gd2O3,5.3
2863,InAs,0.41
2864,GaAs0.01P0.99,2.23
2865,LiInS2,3.59
2866,IrS2,0.9
2867,MnI2,4.04
2868,In0.4Ga0.6P,2.05
2869,TlBr,3.3
2870,AlP,2.51
2871,Eu1.83Ta15O32,0.23
2872,Ga2Te3O9,4.14
2873,In2Se,0.83
2874,Ba3Sb2S7,2.4
2875,RuPAs,0.8
2876,KAg2AsS3,2.25
2877,PrBN2,4
2878,Sr3Se3O8Cl,4.4
2879,LiBr,7.5
2880,Cd0.95Te0.95Al0.05Sb0.05,1.37
2881,Cs2Ga2Se5,1.95
2882,Cd3P2,0.58
2883,Zn3In2S6,2.8
2884,RbBi3Se5,0.43
2885,Pb0.9Ge0.1Se,0.3
2886,CuInSe2,1.07
2887,InAs,0.28
2888,Cu2Te3O8,2.64
2889,EuSnTe2,0.6
2890,CuI,3.05
2891,Ba2InDyTe5,1.35
2892,GaAs,1.53
2893,CsSmHgSe3,2.37
2894,Ca3B2N4,3.9
2895,Pb0.8Sn0.2Te,0.08
2896,EuSb2BO8,3.46
2897,K4Hf3Se14,2.02
2898,ZnO,3.48
2899,NaCeS3,2.15
2900,PbSnS3,1.05
2901,Si2Te3,2.16
2902,LaTaN2O,2
2903,Cs4Ta4P4Se24,2.38
2904,CdSe,1.87
2905,EuEr2Se4,1.7
2906,BaGe2,1
2907,TlInSe2,1.18
2908,Bi2CrI2O11,2.4
2909,Ga0.85As0.85Zn0.15Se0.15,1.47
2910,LiInSnS4,2.3
2911,Pr2Te3,1.5
2912,EuGa2Se4,2.16
2913,Na2ZnGe2Se6,2.36
2914,In2Se3,1.42
2915,Pr2Te4O11,3.65
2916,CoP3,0.45
2917,TlInTe2,0.7
2918,ZnIn2Te4,1.95
2919,RbCu2SbS3,1.67
2920,Tl2Hg3Te4,0.9
2921,Cr2S3,1.1
2922,InN,1.95
2923,Cu2O,2.58
2924,Er2Te3,0.9
2925,AgGaSiSe4,2.63
2926,Rb8Ga8Si38,1.18
2927,AgSbTe2,0.6
2928,Li2In2GeS6,3.45
2929,SnBr2,3.5
2930,ThO2,3.3
2931,Bi8Te7S5,0.4
2932,PbGa2SiSe6,2.17
2933,Li2ZnGe,1.1
2934,Na2RbSb,1
2935,TaGaS2,2.56
2936,K2Hg3S2.69Se1.31,2.28
2937,In0.3Al0.7P,2.3
2938,ZnO,3.44
2939,GaTe,1.74
2940,SrS,4.76
2941,LiGaS2,3.62
2942,In2Se3,0.97
2943,MnTe9,2
2944,LiCl,9.33
2945,PbTe,0.19
2946,TlSe,0.73
2947,CuIn2S3.5,1.43
2948,Cu2ZnSiS4,3.25
2949,Pb0.93TeGa0.07,0.34
2950,HgCuSe2O6,3.25
2951,LiBiS2,0.11
2952,CaBi2O4,3.08
2953,PbTe,0.19
2954,Tl3VS4,1.76
2955,DyTe1.40,0.6
2956,Rb3ZnB5O10,2.66
2957,Li0.5Pb1.75GeS4,1.95
2958,Cu2ZnSiS4,3
2959,SnS,1.08
2960,Mn1.95GdIn1.05S5,1.66
2961,BiI3,2
2962,Ge0.97Si0.03,0.67
2963,Cs2MgGe3Se8,2.04
2964,Hg0.72Cd0.28Te,0.21
2965,Pb0.98Te0.98Ge0.02S0.02,0.34
2966,CsHo9Cd4Se18,2.06
2967,CuInS2,1.52
2968,TlCl,3.2
2969,La2BaTe5O14,3.81
2970,RbSbSe2,1.62
2971,VO,0.3
2972,Ag2Ga2SiS6,2.35
2973,RbCu2AsS3,1.96
2974,TlBr,2.67
2975,La5Cu6.33O4S7,2
2976,Pb0.99Sn0.01Se,0.26
2977,CoAsS,0.6
2978,Ba3La3Cu6O14,1.8
2979,BiI3,1.92
2980,Zn4Sb3,1
2981,Cu0.01In1.99Se2.99,1.45
2982,K2Au2Sn2S6,2.3
2983,TaGaS2,3.6
2984,Ba7Sn5S15,2.29
2985,Se3Te,1.87
2986,Al2Se3,3.15
2987,Cu0.2Ga1.8S2.8,2.65
2988,NaLa2TaO6,4.5
2989,MoO3,3.7
2990,ReSi2,0.13
2991,Cs3Sb2Br9,2.3
2992,AgSbSe2,0.74
2993,Ca3N2,1.55
2994,InAs,0.45
2995,Cu3SmTe3,0.23
2996,KCeSe4,1.54
2997,BaAl4Se7,3.4
2998,K2Bi8Se13,0.59
2999,Sb2Te3,0.24
3000,PbSe,0.35
3001,CuP2,1.51
3002,RbI,5.83
3003,Fe2Te3,0.6
3004,Cd3P2,0.59
3005,NaCdAsS3,2.93
3006,Zn3P2,1.2
3007,V2O5,2.54
3008,Zn0.55Hg0.45Se,0.8
3009,TlSe,1.3
3010,As2S3,2.36
3011,Li2CdSnS4,3.26
3012,Rb2Cd3Se4,2.37
3013,SmSe,0.46
3014,InAs,0.36
3015,In0.8As0.8Ga0.2P0.2,0.85
3016,BaS,3.9
3017,Li4Cs3B7O14,6.53
3018,Rb2Cd3S4,2.92
3019,GaTe,1.78
3020,CdSc,1.71
3021,CdSnP2,1.4
3022,NaSmP2S6,2.54
3023,CdAs2,1.04
3024,AgGaS2,2.56
3025,PtP2,0.6
3026,Gd2Te3,0.74
3027,PbS,0.29
3028,Ag3AsSe3,2.07
3029,KSb,0.9
3030,CaZnOS,3.7
3031,PtSb2,0.07
3032,BaAuI5O15,2.32
3033,Mg2Co,0.66
3034,Ag2SnSe3,0.7
3035,CdSe,2.27
3036,AgGaO2,2.2
3037,Pb0.85Ge0.15Te,0.36
3038,CuGaS2,2.44
3039,EuS,1.69
3040,AgS,0.85
3041,Pb0.95Se0.95Ge0.05S0.05,0.29
3042,CdSb,0.46
3043,Bi4V2O11,2
3044,Ga2Te3,1.5
3045,HgIn2S4,2
3046,Li4.5Cr0.5TeO6,1.79
3047,ErIn3S6,1.28
3048,InAs,0.35
3049,Na2B6O9F2,7.33
3050,GeSe,1.16
3051,Pb0.95Se0.95Sn0.05Se0.05,0.22
3052,K8Zr6Se30,1.91
3053,Sr5V3O12F,4.5
3054,AgFeTe2,0.28
3055,CdS0.65Se0.35,2.13
3056,HgSnO3,1.6
3057,EuTe,2
3058,RbCu2VS4,1.45
3059,Pb6B4O13H2,3.24
3060,SnS0.4Se0.6,1.02
3061,InSb,0.17
3062,LaZnAsO,1.5
3063,RuP4,0.38
3064,CaLa2S4,2.7
3065,Sn0.5GaZn4.5O7,3
3066,Ba2GaErSe5,1.95
3067,NaBr,7.5
3068,Se0.4Te0.6,0.7
3069,Rb3Bi2I9,1.89
3070,Cd12Ge17B8O58,4.29
3071,Ca2ScSbO6,3.68
3072,CdTe,1.59
3073,Cu1.8S,2.3
3074,LaNbON2,1.7
3075,CdP4,0.9
3076,RbIn5S6,2.5
3077,AgFeTe2,0.31
3078,GaSb,0.77
3079,SnTe,0.36
3080,AlBi,0.4
3081,Rb2AgVS4,1.83
3082,Sm3Al0.33SiS7,2.26
3083,NaInSe2,2.8
3084,LaP,0.54
3085,AgI,3.01
3086,CdIn2Se4,1.57
3087,TiS2,1.95
3088,Zn0.15Cd0.85Se,2.6
3089,CuCl,3.29
3090,CsLu7S11,1.86
3091,FeP4,0.32
3092,CsSbS2O8,4.68
3093,OsSbSe,0.4
3094,In0.5As0.5Ga0.5P0.5,1.55
3095,ZnTc,2.37
3096,Ba2ZnSe3,2.75
3097,Cu3YSe3,0.88
3098,Ba2GaYSe5,2.31
3099,InSe,1.29
3100,AgSO4,0.18
3101,CdS,2.64
3102,Ce4Te7,0.5
3103,BaSbBS4,2.34
3104,Li2FeGeS4,1.42
3105,Ce3LuSe6,1.1
3106,Ga1.05Sb0.95Te0.15,0.68
3107,CsInTe2,2.16
3108,Ga1.005Sb0.995Se0.015,0.64
3109,TaGaS2,2.53
3110,PrAs,1
3111,Li4.5Al0.5TeO6,4.9
3112,K2Cd3Se4,2.36
3113,Pb0.72Se0.72Sn0.28Te0.28,0.12
3114,AgBr,2.52
3115,Ba2Ga8GeS16,3
3116,InS,2.07
3117,ZnGeN2,2.9
3118,Ba3Ho2P4S16,3.3
3119,RbCl,8.1
3120,Hg5AsS2I3,1.57
3121,Cd3BiP3O12,3.9
3122,EuH2,1.85
3123,NaNO2,2.99
3124,BaZnOS,3.9
3125,InBi2S4Cl,1.5
3126,TeI,1.1
3127,Rb2PtI6O18,2.4
3128,BiSeI,1.3
3129,Cs1.43Cd1.43Bi2.57S6,1.28
3130,InP2Se4,1.29
3131,PbCl2,4.1
3132,PbO2,2
3133,Cs2Ga2S5,3.26
3134,Pb0.75Sn0.25Te,0.04
3135,SnS0.99Se0.01,1.08
3136,Pb3Br2Se2O6,3.73
3137,Ba4Ga2S8,2.55
3138,CuGa0.4In1.6S3.5,1.55
3139,V2O5,2.34
3140,K3Nb2AsSe11,1.53
3141,Cu0.3Ga1.7S2.7,2.55
3142,Ru2Si3,0.44
3143,SnBr2,3.4
3144,Li2CdGeS4,3.1
3145,Li2Ga2GeS6,3.65
3146,LiKCO3,6.32
3147,SbSBr,2.21
3148,Cu3DyTe3,0.34
3149,MoSe2,1.6
3150,LaInS2O,2.73
3151,Hg6.5As4CdCl6,1.86
3152,K2MnSn2Se6,2
3153,Ga1.02Sb0.98Se0.06,0.63
3154,Ga0.7Al0.3As,1.81
3155,CuInCd2Te3,0.7
3156,Tl2TeBr6,2.06
3157,CuInS2,1.54
3158,CuNiC4N4,2.7
3159,BaGa2Se4,3.16
3160,Ga0.8Sb0.8Zn0.2Te0.2,1.15
3161,EuDy2Se4,1.8
3162,Tm4Sb2Se11.68,1.22
3163,MoO3,3.75
3164,RbHgSbTe3,0.2
3165,OsPSe,1.4
3166,Li0.2Na0.8AsSe2,1.72
3167,PbTe0.01Se0.99,0.26
3168,Pb0.93Sn0.07Se,0.08
3169,Al2S3,4.1
3170,BaV2SeO8,2.13
3171,La4FeSb2Se10,0.85
3172,B6P,3.3
3173,Ba5Ga6GeP12,1.39
3174,ErB6,3.5
3175,Ga0.99Sb0.99Zn0.01Te0.01,0.72
3176,TlCr5S6Se2,0.94
3177,AgScP2Se6,1.55
3178,YbAs,1.02
3179,Sb2Te3,0.22
3180,CdIn2S4,2.2
3181,BiSeBr,1.54
3182,In6Se7,0.64
3183,Ag0.5Eu1.75GeS4,2.14
3184,GaAs0.9P0.1,1.5
3185,ZnIn2Se4,2
3186,Na2BaSnSe4,2.46
3187,SbSI,1.84
3188,Cs2AgVS4,1.77
3189,MoTe2,1.08
3190,Pb6BBrO7,2.84
3191,EuIr4In2Ge4,0.26
3192,Pb0.85Se0.85Ge0.15Te0.15,0.32
3193,Na2ZnGe2S6,3.04
3194,LaCuOS,3.1
3195,PbSe,0.31
3196,Pb3O4,2.12
3197,K2Hg3Ge2S8,2.7
3198,CaSe,5
3199,Pb0.8Sn0.2Se,0.06
3200,BiSI,1.58
3201,CsCaBO3,3.93
3202,Ba8Sn4S15,2.31
3203,AgInSe2,1.22
3204,VO2,0.65
3205,CsCdInSe3,2.4
3206,Sm2Sn3Se9,0.7
3207,LaSb,0.8
3208,K6CdTe4,2.51
3209,Ag2PdO2,0.18
3210,BaAgSbS3,2.2
3211,Hg6As4CdBr6,1.94
3212,GaAs0.3P0.7,2.16
3213,Ba3CdSn2S8,2.75
3214,AsSb,1.6
3215,InSb,0.24
3216,InSb2S4Br,1.8
3217,AgLi0.33Sn0.67O2,2.7
3218,Li2MnGeS4,3.06
3219,Ag3Ga3SiSe8,2.3
3220,K0.8Hg1.2Sn2S8,2.78
3221,Bi1.8Te3Sb0.2,0.15
3222,Cs2Sb,0.62
3223,Nd10OSe14,1.98
3224,KCu2SbS3,1.7
3225,Li6Ga2Te8O22,3.85
3226,Hg7InS6Cl5,2.54
3227,BiOI,2.12
3228,Na2GdP2O8,4.19
3229,Ba3V2Se4O16,2.87
3230,Zn0.95S0.95Ga0.05P0.05,3
3231,Cu2Te,1.15
3232,GeAs2,1
3233,FeAsS,0.06
3234,InP,1.41
3235,Cu3VS4,1
3236,TaGaS2,2.4
3237,RhAs2,1.15
3238,Ca3BiP3O12,4.2
3239,BeSe,4
3240,BaSn2S5,2.35
3241,Pb0.97Se0.97Ge0.03S0.03,0.28
3242,SmSb2BO8,3.54
3243,CsYZnSe3,2.29
3244,Sn2S,0.85
3245,GaGeTe,1.1
3246,YbSe,1.5
3247,BaO,4.8
3248,CBr4,3.7
3249,La2O3,5.4
3250,Ga2Se3,1.86
3251,Ag2CdP2S6,2.49
3252,Ga0.01As0.01Zn0.99Se0.99,2.59
3253,K2Cd3S4,2.75
3254,PrSb,0.66
3255,PbSbO2Br,2.67
3256,Ba2InNdSe5,2.2
3257,CsCd4Ga5S12,3.09
3258,Rb2HgP2Se6,2.32
3259,KH3Se2O6,5.03
3260,AgBiP2Se6,1.4
3261,Ba2GaDySe5,2.35
3262,MgF2,11.1
3263,SiAs,1.48
3264,Zn0.99S0.99Ga0.01P0.01,3.7
3265,Ga0.5P0.5Zn0.5Se0.5,2.13
3266,KBaAsSe3,2.26
3267,CsSbSe2,1.7
3268,InS,1.86
3269,CdP2S4,3.76
3270,BiSe,0.4
3271,NiC2N2,2
3272,AgPbBiSe3,0.13
3273,OsAsS,1.3
3274,Rb6P3S15,2.3
3275,Er2O3,5.42
3276,RhSe2,0.6
3277,Bi2Te2.1Se0.9,0.3
3278,Nd3Te4,1.6
3279,Ge0.7Si0.3,0.88
3280,InSn2As2Se,0.2
3281,NaNbSe2O7,3.8
3282,Se0.6Te0.4,1.2
3283,In0.95As0.95Cd0.05Te0.05,0.68
3284,In4Se3,0.65
3285,K6Yb3P5S20,2.6
3286,In0.5Al0.5P,2.3
3287,GeP,0.95
3288,Nd2Sn3Se9,0.5
3289,TlInSe2,1.07
3290,KBiS2,0.92
3291,SmCuOSe,2.6
3292,Cs2CuP3S9,2.4
3293,Ba2AsGaSe5,1.39
3294,Ta0.67Zr1.33O1.89N1.63,2.48
3295,CsDy9Cd4Se18,1.99
3296,InSb0.9As0.1,0.27
3297,AlN,6.2
3298,NdAs,1.04
3299,AgInCd2Te3,0.47
3300,In0.93As0.93Cd0.07Te0.07,0.68
3301,SiTe2,2.18
3302,GeS2,3.6
3303,Ga0.01Sb0.01Cd0.99Te0.99,1.35
3304,Mg5B3O9F,5.63
3305,Al2Te3,2.5
3306,KAlGeS4,3.5
3307,CsCeCdSe3,2.4
3308,RuP4,0.64
3309,TcSe2,0.88
3310,InN,2.05
3311,LaSi2,0.19
3312,Ge0.06Si0.94,1.06
3313,KSb5S8,1.67
3314,Pb0.97Se0.97Sn0.03Se0.03,0.29
3315,AgI,3.02
3316,Hg0.6Cd0.4Se,0.95
3317,BaLa2In2Se7,1.66
3318,RbSbS2,1.96
3319,Ga0.75P0.75Zn0.25Se0.25,2.18
3320,La2ZrS5,2.01
3321,MgGeN2,4.4
3322,Bi2Te2.97Se0.03,0.15
3323,Ba2Cu2ThSe5,1.75
3324,BaReH9,3.44
3325,Hg3Te2Bi2Cl8,2.8
3326,Ta1.33Zr0.67O0.12N3.03,1.71
3327,ZnSnAs2,0.74
3328,Bi2O3,2.85
3329,Pb0.8Ge0.2Te,0.4
3330,BiI3,2.03
3331,Pb0.92Sn0.08Te,0.16
3332,BiTeNO6,3.62
3333,MnSi,0.6
3334,K2PdSe10,1.48
3335,CsCuSb2S4,1.7
3336,Li6Fe2Te8O22,1.98
3337,CsAg2TeS6,2.04
3338,KAg11V4O16,2
3339,Ce2Se3,1.75
3340,OsAs2,0.9
3341,La2MnNiO6,1.4
3342,GaAs0.7P0.3,1.8
3343,Li3PS4,3.68
3344,SrNd2S4,2.45
3345,Hg0.796Cd0.204Te,0.06
3346,Ba2GaGdSe5,1.87
3347,HgGa2S4,2.84
3348,TlCr5S3Se5,0.8
3349,Pb0.7Ge0.3Te,0.48
3350,HgSe,0.12
3351,CdI2,3.8
3352,GeAs,1.01
3353,Li3Bi,0.7
3354,EuIn2S4,1.5
3355,Rb3Sb2Br9,2.48
3356,SnO2,3.6
3357,LaS1.86Se0.14,2.5
3358,Ag2GeTe3,0.25
3359,Dy4S4Te3,1.43
3360,Ca2CdAs2,0.95
3361,Bi2Te0.9Se2.1,0.28
3362,TlAsS2,2.15
3363,P2Se3,2.4
3364,Ga0.8Al0.2P,2.3
3365,H6PtI6O20,2.4
3366,Li2In2SiS6,3.61
3367,HoN,1.79
3368,SnCl2,3.9
3369,CsInGeS4,2.1
3370,Ba5Ga4Se10,2.2
3371,KSbSe2,1.37
3372,In0.3Ga0.7P,2.2
3373,Rb2Cu2Sn2Se6,1.04
3374,RhSe3,0.7
3375,InSb0.6As0.4,0.13
3376,CdBr2,4.47
3377,CsLu7Se11,1.78
3378,Pb0.999Se0.999Sn0.001Se0.001,0.24
3379,Cs3W3PO13,3.27
3380,Lu2O3,5.5
3381,SrZrS3,1
3382,RbAg2SbS4,2.3
3383,Cd4Sb3,1.25
3384,Li2B6,2
3385,SbTeI,1.25
3386,K2ZnTe2,3
3387,AgSbTe2,0.35
3388,Pb6B2MoO12,2.9
3389,Eu3P2,1.2
3390,Zn0.2Ba2B2S5.2,3.54
3391,AgGaGe3Se8,2.17
3392,CuAlS2,3.5
3393,Ba3Dy2P4S16,3.28
3394,CuZn2InSe4,1.1
3395,PdSe,0.2
3396,Se0.5Te0.5,1
3397,Bi1Te3Sb1,0.19
3398,Cu0.05Ga1.95S2.95,2.7
3399,Pr2Ge2Se7,1.32
3400,CsSmCdSe3,2.45
3401,CuInSe2,0.95
3402,NaSbSe2,1.2
3403,La2CoVO6,0.41
3404,Tl4CuTeO6,2.2
3405,Sb5O7I,1.95
3406,HgBrCl,3.4
3407,RbGaSnSe4,1.88
3408,Na3MoO4F,4.77
3409,YFMoO4,3.78
3410,BaB2O4,6.2
3411,Na3Sb,1.17
3412,TaGaSe2,2.15
3413,Cu2CdSnS4,1.37
3414,KBr,7.6
3415,ZnAs2,0.93
3416,PrTe1.9,1
3417,Hg3S2Bi2Cl8,3.26
3418,PbI2,3.01
3419,AgInTe2,0.96
3420,TlGaS2,3.4
3421,FeSi2,0.85
3422,Ba2InSmTe5,1.36
3423,SmB6,3.5
3424,Ga0.99In0.01As,1.4
3425,Rb2Sn3Sb2S10,2.33
3426,BiOBr,2.92
3427,Mn11Si19,0.66
3428,HgTe,0.19
3429,Ba4Ga2Se8,1.63
3430,Mg2Ge,1.67
3431,Rb3Al3Ge7Se20,2.4
3432,SrTaO2N,1.99
3433,CoSbS,0.5
3434,Pb0.99TeTl0.01,0.59
3435,CsMn4In5Te12,1.48
3436,K3SmAs2S8,2.2
3437,EuAl2O4,2.74
3438,Cr2O3,3.4
3439,LiBr,7.95
3440,K3Ga3Ge7Se20,2.23
3441,Yb4Sb2S11.25,1.71
3442,Ca2Si,1.9
3443,Pb14B2O14Br6,2.62
3444,ReSe2,0.99
3445,DyTe1.45,0.6
3446,CsBr,6.8
3447,SbI3,2.41
3448,YbSb,1
3449,Cu0.05Ga1.95Se2.95,1.96
3450,Nd1.33Lu0.67S3,1.5
3451,LaIn3S6,1.03
3452,CsGaSn2Se6,1.87
3453,CsKP2Se8,2.36
3454,MgO,7.83
3455,SnTe,0.33
3456,CuCl,3.27
3457,IrP2,1.1
3458,Cu0.5Ga1.5S2.5,2.43
3459,YbGa2S4,2.3
3460,CuSmSe2,2.1
3461,InSb0.8As0.2,0.21
3462,Pb0.85Se0.85Sn0.15Te0.15,0.18
3463,Cd4P2Cl3,2.17
3464,SrCrO4,2.45
3465,RbBiSe2,0.72
3466,Ag2S,0.87
3467,Ag3AsS3,2.18
3468,Ag3SbS3,1.75
3469,AgGaSe2,1.83
3470,AgSbSe2,0.85
3471,AlP,2.43
3472,As2S3,2
3473,CdAs2,1.14
3474,CdGa2Se4,2.43
3475,CdP2,2.02
3476,CdS,2.58
3477,CdSb,0.59
3478,CdSe,1.83
3479,CdTe,1.65
3480,CuFeS2,0.5
3481,CuGaSe2,1.6
3482,Dy2S3,3
3483,GaN,3.5
3484,GaS,2.52
3485,GaSe,2.13
3486,GaTe,1.69
3487,GeSe,1.08
3488,In4Te3,0.5
3489,InAs,0.41
3490,InSe,1.27
3491,KI,6.08
3492,Mg3As2,2.55
3493,NaBiSe2,0.32
3494,PbS,0.3
3495,PbTe,0.34
3496,RbI,6.05
3497,Sb2S3,1.63
3498,SnS,1.1
3499,SnSe,0.91
3500,Tl2Te3,0.51
3501,TlCl,3.21
3502,TlSbS2,1.88
3503,Zn3As2,0.86
3504,ZnGeAs2,1.16
3505,ZnO,3.31
3506,ZnS,3.85
3507,Bi4PdSe4O12,2.06
3508,Cd3In2S2Te4,1.23
3509,SbSI,1.99
3510,Pb0.8Se0.8Ge0.2Te0.2,0.36
3511,Ag1.75InSb5.75Se11,0.94
3512,K2Dy2Ti3O10,3.38
3513,ZrS2,2.75
3514,CaTe,4.07
3515,GeI2,1.5
3516,InSb,0.18
3517,Ir0.67S2,2
3518,Pb2MnO4,1.5
3519,GaSe,2.05
3520,SrZnSO,3.1
3521,Ge0.653Si0.347,1.91
3522,InAs,0.46
3523,Cu2Ta4O11,2.6
3524,K4GeS4,0.8
3525,Ge0.6Si0.4,0.9
3526,AsI3,2.54
3527,Mg2Sn,0.28
3528,K2CsSb,1
3529,Ho2Mo3O12,1.68
3530,Li4HgGe2S7,2.75
3531,BaGa2GeS6,3.23
3532,InP,1.27
3533,TlBr,3.05
3534,SiB3,2
3535,PbTe,0.62
3536,RbI,6.1
3537,KSbS2,1.8
3538,SbSeBr,1.84
3539,As2Se3,1.77
3540,CoSb2,0.17
3541,Hg0.8Cd0.2Se,0.95
3542,Cu2Te,1.02
3543,LiMgN,3.2
3544,RbCuSb2S4,1.6
3545,Sb2O3,3.2
3546,ZnTe,2.24
3547,PbTe,0.31
3548,NaBiS2,0.4
3549,Hg6P6In2Cl9,3.13
3550,GaS,2.62
3551,Sn3WO6,2.49
3552,TlBr,3.02
3553,GaSe,2.07
3554,InSb,0.26
3555,CdSnO3,3
3556,Pb0.8Se0.8Sn0.2Te0.2,0.14
3557,CuGaS2,2.42
3558,PrF3,5.3
3559,Ru2Ge3,0.52
3560,SmTe,0.38
3561,CsZn2B3O7,5.69
3562,Ga0.9Sb0.9Cd0.1Te0.1,0.78
3563,NH7Se2O6,4.81
3564,TlBr,3.24
3565,KPSe6,2.16
3566,ZnS,3.76
3567,Ga0.85Al0.15As,1.6
3568,GaAs,1.43
3569,Ga0.05P0.05Zn0.95Se0.95,2.4
3570,KFeCuTe2,1.06
3571,AsBr3,2.6
3572,Zn0.5Hg0.5Se,0.6
3573,Ga0.7In0.3As,1
3574,Bi2S3,1.3
3575,TlBr,3.1
3576,ReS2,1
3577,CdMoSb4O10,3.4
3578,PbCl2,3.94
3579,Ga1.002Sb0.998Se0.006,0.7
3580,As2O3,4
3581,InSb,0.16
3582,Na2BaGeS4,3.7
3583,Ba2GaDyTe5,1.13
3584,NaB15,0.32
3585,AlP,2.53
3586,Bi2Te2.97Se0.03,0.16
3587,AgBiS2,0.9
3588,SnGa2GeS6,2.04
3589,InS,1.9
3590,NiTe,0.23
3591,TlSe,0.71
3592,Pr2YbCuS5,1.25
3593,KInSnS4,2.3
3594,GaAs,1.43
3595,Mn15Si26,0.7
3596,La2O2MnSe2,1.6
3597,Er3Te4,0.9
3598,RbTbSe2,2.5
3599,Zn0.5Cd0.5Se,2.9
3600,Na2Ge2Se5,2.38
3601,PbCrO4,2.25
3602,Ag0.5Pb1.75GeS4,1.83
3603,CsEr9Cd4Se18,2.09
3604,CdCl2,5.8
3605,ReS2,1.1
3606,Cu3TaS4,3
3607,Pb0.99Sn0.01Se,0.17
3608,GaTe,1.66
3609,AgCd3PS6,2.56
3610,Cu3YTe3,0.72
3611,TlInSe2,1.19
3612,Bi2Te2.7Se0.3,0.21
3613,CuGaTe2,1.18
3614,K2HgP2Se6,2.25
3615,Tl2PrInSe4,0.93
3616,Gd2ZrS5,1.88
3617,Pr2S3,2.68
3618,PbBiO2Br,2.47
3619,YbS,1.1
3620,K6Cd4Sn3Se13,2.33
3621,Pb0.75Ge0.25Te,0.44
3622,CdSb,0.47
3623,BeTe,2.89
3624,Pb0.96TeGa0.04,0.37
3625,NdLuSe3,1.61
3626,Bi6Cu3S10I,0.72
3627,LiH3Se2O6,4.9
3628,BaLa2In2S7,1.87
3629,Li3Cs2B5O10,7.3
3630,TlScS2,1.51
3631,InSe,1.36
3632,SbSBr,2.17
3633,Zn0.75Hg0.25Se,1.4
3634,K2Ge4Se8,1.8
3635,CdSiP2,2.1
3636,ZnGeN2,3.2
3637,KAsSe2,1.62
3638,GaN,3.3
3639,Cu2Te,1.04
3640,Dy2Mo3O12,1.92
3641,Li2PtO3,2.3
3642,PbSe0.01S0.99,0.37
3643,Si2Te3,2
3644,Eu2SnSe5,1.07
3645,Ba6Sn6Se13,1.52
3646,As2S6,2.35
3647,Rb2CdBr2I2,3.35
3648,Cu2Ga4Te7,1.08
3649,Ba2In2Se5,2.12
3650,Cs3Sb2I9,1.89
3651,Cu3SbSe4,0.31
3652,Ag0.5Pb1.75GeSe4,1.51
3653,Pr2S3,2.6
3654,Sr2V3Se5O18,2.47
3655,InSe,1.19
3656,Nd2HfS5,0.7
3657,Nb6VSb3O25,3.2
3658,TeSe3,1.4
3659,Na2Ga2SnS6,2.29
3660,Sn2BiSI5,1.32
3661,Ag3SbS3,1.77
3662,TlS,1.36
3663,K10Mn4Sn4S17,2.3
3664,GaSb,0.81
3665,Bi2Te2.7Se0.3,0.2
3666,PtSb2,0.4
3667,AgGaGeS4,3
3668,KCu2SbS3,1.53
3669,TiCoSb,0.95
3670,InS,1.9
3671,Ag3SbS3,2.13
3672,PrTaN2O,2
3673,Pr2Sr2PtO7.07,3.05
3674,InSb,0.24
3675,KBiS2,0.86
3676,Cs4In8GeSe16,2.2
3677,Tl6CuTe2O10,2.3
3678,InPS4,3.12
3679,BaCuTeF,2.3
3680,Ge0.2Si0.8,1.1
3681,Ba5In4Te4S7,2.13
3682,CsMn4In5Se12,1.79
3683,CuInSe2,0.95
3684,PbN6,2.98
3685,LiSbS2,1.36
3686,GeS,1.61
3687,AlSb,1.69
3688,Be3N2,3.8
3689,AlSb,1.7
3690,Cs39Cl6Ga53Se96,2.74
3691,Zn0.43Cd0.57Se,2.9
3692,Ag2SnS3,1.26
3693,AlP,2.42
3694,Cu0.4Ga1.6S2.6,2.5
3695,Cs3Bi2I9,1.8
3696,Tl3TaS4,2.7
3697,PbS,0.29
3698,Be3Sb2,0.67
3699,V2O5,2.3
3700,Cu3SbS4,0.8
3701,BiSeI,1.28
3702,CuYO2,3.5
3703,TlCr5S7Se,0.97
3704,GaVTe2O8,3
3705,CdS,2.4
3706,Zn0.65Hg0.35Se,1
3707,Pb0.95Ge0.05Se,0.28
3708,V2O5,2.49
3709,NaF,10.5
3710,Bi12SiO20,3.25
3711,VTeO5H,2.51
3712,CdAs2,1.2
3713,CsMn4Ga5Te12,1.55
3714,CsI,6.3
3715,Yb2O3,5.22
3716,Ba2InCeTe5,1.35
3717,CdTe,1.43
3718,In0.2As0.2Ga0.8P0.8,2.15
3719,CuI,3.07
3720,PbCuSbS3,1.31
3721,Ba2CdB6O12,4.59
3722,Sn2BiS2I3,1.22
3723,GeSe,1.18
3724,As2Te3,1.68
3725,Sm2S3,3
3726,GaN,3.6
3727,Y2O3,5.6
3728,GaSb,0.72
3729,GaSe,2.04
3730,PbSe,0.28
3731,Ag2VI3O11,2.16
3732,GaN,3.49
3733,LiSbSe2,0.68
3734,InSb,0.18
3735,Cs2ZnSn3Se8,2.12
3736,Zn4Sb3,1.2
3737,TlInSe2,1.22
3738,Eu2Ga2GeS7,2.3
3739,TlHg6Se4Br5,2.8
3740,AlP,2.52
3741,La2Sr2PtO7.13,2.52
3742,KCu3S2,1.46
3743,CuInS2,1.55
3744,RuP2,0.8
3745,SnGe,0.8
3746,Hg0.9Cd0.1Se,1.5
3747,Cu2O,2.67
3748,CdCuSe2O6,3.33
3749,PbTe,0.31
3750,AgP15,1.47
3751,SmSb,0.59
3752,IrAs2,1
3753,PbTe0.5Se0.5,0.29
3754,KScSe2O6,5.4
3755,CdGeP2,1.8
3756,Cu2Ta4O11,2.7
3757,ReS2,1.33
3758,Pr4InSbSe9,1.89
3759,Cd0.6Te0.6Al0.4Sb0.4,1.8
3760,Cu2Ta11O30,2.59
3761,Tl2TeI6,1.5
3762,La10OSe14,2.04
3763,NaNO2,3.1
3764,K2La2Sb2S9,2.2
3765,AgPdI3O9,1.5
3766,Bi2Mo3O12,2.9
3767,Se0.2Te0.8,0.4
3768,Ga0.2Al0.8P,2.43
3769,Ag3SbS3,2.17
3770,InSb0.2As0.8,0.12
3771,ZnSe,2.81
3772,MnAl3,0.58
3773,InN,2.11
3774,TaGaS2,2.54
3775,CuBr,2.99
3776,MgSe,5.6
3777,EuTm2Se4,1.8
3778,BaTeMo2O9,3.12
3779,Mg3N2,2.8
3780,Ba2InSbSe5,1.92
3781,TiTlSe2,0.56
3782,Ca3La2Sn3S12,1.45
3783,Cs2PtI6O18,2.4
3784,BiSI,1.64
3785,EuCu2SnS4,1.85
3786,GaSe,2.16
3787,Na2BaGeSe4,2.25
3788,ZnS,3.54
3789,Sr3GeSb2Se8,0.75
3790,K2Ho4Cu4S9,2.43
3791,La2CoTiO6,1.02
3792,In0.8Al0.2P,1.7
3793,Zn3As2,1.11
3794,Cu2ZnSnSe4,1.44
3795,Ga0.1P0.1Zn0.9Se0.9,2.3
3796,LiBi4Nb3O12,3
3797,K3Ga3Ge7S20,3.25
3798,K2Au2Sn2Se6,2.28
3799,TlCl,3.2
3800,TcS2,1
3801,SnO,3
3802,GaTe,1.52
3803,GaAs0.75Sb0.25,0.65
3804,BaIr2Ge4Se6,1.33
3805,KInTe2O6,4
3806,ZnSnO3,3.9
3807,Mg2Sn,0.18
3808,Ca5Bi14O26,2.6
3809,Ga1.001Sb0.999Te0.003,0.72
3810,YNiSb,0.29
3811,SrO,5.7
3812,Gd6Ge2.5S14,2.2
3813,KZrPSe6,2
3814,Ba5CdGa6Se15,2.6
3815,Ag3SbS3,2.2
3816,MnTe,1.25
3817,Ag2S,1
3818,Ag3AsS3,1.86
3819,Ag3SbS3,2.17
3820,AgGaSe2,1.65
3821,AgGaSe2,1.8
3822,AgSbSe2,0.58
3823,AlP,2.5
3824,AlP,3.63
3825,As2S3,2.2
3826,As2S3,2.32
3827,As2S3,2.43
3828,Bi0.6Te3Sb1.4,0.2
3829,CdAs2,0.89
3830,CdGa2Se4,2.27
3831,CdGa2Se4,2.5
3832,CdP2,2.11
3833,CdS,2.57
3834,CdSb,0.49
3835,CdSe,2.26
3836,CdSe,2.18
3837,CdTe,1.59
3838,CdTe,1.49
3839,CdTe,1.52
3840,CuFeS2,0.53
3841,CuGaSe2,1.63
3842,Dy2S3,2.91
3843,GaAs,1.52
3844,GaAs,1.42
3845,GaAs,1.58
3846,GaAs,1.43
3847,GaAs,1.43
3848,GaN,3.8
3849,GaS,2.38
3850,GaS,2.53
3851,GaSe,1.97
3852,GaSe,2.09
3853,GaTe,1.42
3854,GaTe,1.8
3855,GeSe,1.17
3856,GeSe2,2.36
3857,In4Te3,0.57
3858,InAs,0.36
3859,InAs,0.41
3860,InAs,0.4
3861,InAs,0.41
3862,InSe,1.18
3863,InSe,1.2
3864,InSe,1.32
3865,InSe,1.35
3866,KI,6.38
3867,Mg3As2,2.6
3868,NaBiSe2,0.28
3869,PbS,0.31
3870,PbS,0.29
3871,PbTe,0.19
3872,RbI,6.36
3873,Sb2S3,1.63
3874,Sb2S3,1.72
3875,Sb2S3,1.71
3876,SnS,1.2
3877,SnS,1.18
3878,SnSe,0.94
3879,Tl2Te3,0.48
3880,Tl2Te3,0.7
3881,TlCl,3.5
3882,TlSbS2,1.54
3883,Zn3As2,1.09
3884,Zn3As2,0.98
3885,ZnGeAs2,1.05
3886,ZnO,3.35
3887,ZnS,3.87
3888,ZnS,3.6
3889,ZnSe,2.67
3890,ZnSnP2,1.3
3891,ZnTe,2.39
3892,ZnTe,2.25
3893,ZnTe,2.29
3894,ZnSe,2.76
3895,ZnSnP2,1.66
3896,ZnTe,2.4