task_id,pretty_formula,band_gap
mp-631581,Ag2BBr,0.0
mp-23558,Ag2BiO3,0.3843000000000001
mp-9900,Ag2GeS3,0.4516999999999998
mp-1096802,Ag2GeSe3,0.06340000000000012
mp-23485,Ag2HgI4,1.2205999999999997
mp-353,Ag2O,0.0
mp-5495,Ag2PdO2,0.02090000000000014
mp-31053,Ag2S,1.3608000000000002
mp-1096812,Ag2SnSe3,0.08599999999999985
mp-1229124,Ag3AsO4,0.0
mp-561620,Ag3AsS3,1.6949999999999994
mp-662599,Ag3AsSe3,0.8906000000000001
mp-1183206,Ag3Pd,0.0
mp-510453,Ag3RuO4,0.0
mp-555269,Ag3SbS3,1.5109000000000004
mp-554648,Ag5IO6,0.01650000000000018
mp-15077,Ag7AsS6,0.5009999999999999
mp-1200563,Ag7AsSe6,0.0
mp-37695,Ag7NO11,0.0
mp-9770,Ag8GeS6,0.6102000000000003
mp-17984,Ag8SnSe6,0.00099999999999989
mp-13740,AgAsS2,1.4968
mp-4483,AgAsSe2,0.0
mp-1183224,AgAu3,0.0
mp-1172905,AgBiS2,0.7033000000000005
mp-27916,AgBiSe2,0.7217999999999996
mp-866291,AgBr,1.1709
mp-22922,AgCl,0.9539000000000002
mp-7592,AgF,0.0
mp-891880,AgGeO3,0.0
mp-22925,AgI,1.3678
mp-2247,AgN3,1.5714
mp-499,AgO,0.0
mp-1195243,AgP15,1.2518000000000002
mp-997038,AgPdO2,0.08999999999999986
mp-30353,AgPt3,0.0
mp-1196324,AgSO4,0.0012999999999999678
mp-3922,AgSbS2,1.3685000000000005
mp-1229000,AgSbSe2,0.0
mp-12360,AgSbTe2,0.0
mp-568761,AgTe,0.2411000000000003
mp-16722,Al10V,0.0
mp-17880,Al13Ru4,0.0
mp-1982,Al21Pt8,0.0
mp-867319,Al2CoIr,0.0
mvc-3246,Al2Cr2O7,0.0
mp-675628,Al2CrS4,0.0
mp-985806,Al2Cu,0.0
mp-1228910,Al2FeNi,0.0
mp-10910,Al2Ru,0.08700000000000152
mp-2654,Al2S3,2.8169999999999997
mp-11674,Al2Se3,1.8016
mp-29502,Al2Te3,1.8378
mp-867347,Al3Tc,0.0
mp-29225,Al4Cu2O7,0.0
mp-593,Al4Cu9,0.0
mp-1791,Al5Rh2,0.0
mp-570001,Al6Fe,0.0
mp-16529,Al6Ru,0.0
mp-16718,Al6Tc,0.0
mp-16488,Al9Co2,0.0
mp-12003,Al9Ir2,0.0
mp-1645,Al9Rh2,0.0
mp-2172,AlAs,1.5036999999999998
mp-944,AlB2,0.0
mp-1018132,AlBi,0.0
mp-1178576,AlCoO3,2.3464
mp-12802,AlCu3,0.0
mp-1045627,AlCu7O12,0.0
mp-867878,AlFe2Si,0.0
mp-1885,AlIr,0.0
mp-661,AlN,4.039
mp-1025044,AlNi2,0.0
mp-1550,AlP,1.6302000000000003
mp-27393,AlPd5I2,0.0
mp-2624,AlSb,1.2272999999999996
mp-7760,AlSn,0.0
mp-4955,AlVCo2,0.0
mp-1581,As2O3,3.62
mp-641,As2S3,2.0878
mp-1078443,As2Se3,0.6385999999999998
mp-984353,AsAu3,0.0
mp-23317,AsBr3,3.1271000000000004
mp-23218,AsI3,2.2375000000000003
mp-20257,AsPd3Pb2,0.0
mp-631257,AsSeBr,0.0
mp-505373,AsSeI,1.242
mp-984597,Au3S,0.0
mp-997040,AuBrO2,0.0
mp-306,B2O3,6.3017
mp-696746,B4C,1.5066000000000006
mp-29651,B4W,0.0
mp-7229,B5Mo2,0.0
mp-28395,B6P,2.4757
mp-10044,BAs,1.2036999999999995
mp-1890,BMo,0.0
mp-1479,BP,1.2435
mp-21502,BRh2,0.0
mp-997618,BSb,0.7513000000000005
mp-631529,BSe2Cl,0.0
mp-631524,BTe2As,0.0
mp-1229044,Ba12In4S19,2.0588
mp-769656,Ba2Ce2O5,0.0
mp-29457,Ba2Cu5F14,0.0
mp-1203584,Ba2GaBiSe5,1.9437
mp-1202829,Ba2GaBiTe5,1.318
mp-1203387,Ba2GaSbSe5,1.9219
mp-1200935,Ba2GaSbTe5,1.3384000000000005
mp-1194545,Ba2HgS5,1.6524
mp-22841,Ba2In2S5,1.9866
mp-573635,Ba2In2Se5,1.3945
mp-1189339,Ba2InSbSe5,0.8716999999999997
mp-1205823,Ba2ScTaO6,3.0115
mp-1214622,Ba2SmTaO6,3.3123
mp-1192595,Ba2SnSe4,1.2603
mp-31307,Ba2SnSe5,1.0762
mp-1204192,Ba2V2Te2O11,3.2824
mp-1190528,Ba2ZnSe3,1.6184
mp-1190380,Ba2ZnTe3,1.3161
mp-556407,Ba3Bi2TeO9,2.1136000000000004
mp-647340,Ba3Co10O17,0.0
mp-30903,Ba3CrS5,0.0
mp-1195713,Ba3FeS4Br,0.4683999999999999
mp-1200759,Ba3GeS5,2.0404000000000004
mp-1205371,Ba3InS4Cl,2.8227
mp-6325,Ba3MgTa2O9,3.2733
mp-1214623,Ba3N2,0.10890000000000022
mp-1013533,Ba3PN,0.0
mp-1195624,Ba3Sb2S7,1.9488
mp-984765,Ba3Te,0.0
mp-1095255,Ba3ThSe7,0.9539
mp-1195344,Ba4Ga4SnSe12,1.3156
mp-1197353,Ba4LiGa5Se12,1.7316000000000005
mp-4564,Ba4Nb14O23,0.0
mp-17815,Ba4Si20Au3,0.0
mp-570390,Ba5Al2Ge7,0.0
mp-29621,Ba5Bi3,0.0
mp-21538,Ba5Ge3,0.0
mp-31407,Ba5In4Bi5,0.0
mp-1105201,Ba5In4Te4S7,1.1382000000000003
mp-9909,Ba5Sb3,0.0
mp-1196224,Ba6Sn6Se13,1.1565
mp-1019529,Ba8Al10B12O41,4.4373
mp-1195594,Ba8Sn4S15,2.0442
mp-773073,Ba8Ta7O24,0.0
mp-11840,BaAg,0.0
mp-1241,BaAg2,0.0
mp-1190401,BaAgSbS3,1.4199000000000002
mp-551,BaAl2,0.0
mp-1191234,BaAl4Se7,2.4521999999999995
mp-30363,BaAu2,0.0
mp-954,BaB6,0.0
mp-583645,BaCaSn3,0.0
mp-12306,BaCdSnS4,2.2956
mp-12364,BaCu2SnSe4,0.4240999999999997
mp-13287,BaCuTeF,0.9836999999999998
mp-1029,BaF2,6.5953
mp-1227983,BaGa2GeS6,2.6181
mp-1227970,BaGa2GeSe6,1.7207
mp-1227993,BaGa2SiS6,2.8941
mp-1227978,BaGa2SiSe6,2.1989
mp-4309,BaGa4S7,2.5800000000000005
mp-1191072,BaGa4Se7,1.493
mp-2139,BaGe2,0.5255000000000001
mp-22346,BaGe3Pt,0.0
mp-28007,BaHgS2,1.1569
mp-22780,BaIn2Ir,0.0
mp-210,BaLi4,0.0
mp-1048508,BaMn4O7,0.0
mp-19267,BaMnO3,2.0603
mp-505517,BaNb4O6,0.0
mp-1342,BaO,2.0906
mp-22705,BaPrO3,0.0
mp-811,BaPt5,0.0
mp-28911,BaReH9,3.8349
mp-1500,BaS,2.1515
mp-1253,BaSe,1.949
mp-2499,BaSi,0.0
mp-1477,BaSi2,0.7812999999999999
mp-1202711,BaSn2S5,1.5339999999999998
mp-7759,BaSn3,0.0
mp-3163,BaSnO3,0.37239999999999984
mp-1000,BaTe,1.5930000000000002
mp-1203413,BaTeMo2O9,2.9985
mp-984796,BaTh3,0.0
mp-757751,BaTi14O28,0.0
mp-1048199,BaTi4O7,0.0
mp-1047421,BaTi4O8,0.0
mp-5020,BaTiO3,2.5441000000000003
mp-984725,BaTl3,0.0
mp-1200210,BaV2SeO8,2.0681000000000003
mp-303,BaZn5,0.0
mp-571622,Be12Pt,0.0
mp-569364,Be22Re,0.0
mp-631516,Be2HgTe,0.0
mp-11282,Be2W,0.0
mp-18337,Be3N2,3.3129
mp-4262,BeAlB,0.0
mp-2323,BeCu,0.0
mp-862669,BeFe2Si,0.0
mp-984722,BeGaO3,0.0
mp-862291,BeGaRh2,0.0
mp-2542,BeO,7.459799999999999
mp-13452,BePd2,0.0
mp-13453,BePd3,0.0
mp-422,BeS,3.1453
mp-1541,BeSe,2.6702
mp-867107,BeSiOs2,0.0
mp-867835,BeSiRu2,0.0
mp-631462,BeTcSe,0.0
mp-252,BeTe,2.0173
mp-757798,Bi12PO20,0.0
mp-760121,Bi12Rh12O41,0.0
mp-1200193,Bi2Mo2Se2O13,2.8131
mp-23262,Bi2O3,2.1865999999999994
mp-1043373,Bi2O5,0.0
mp-23012,Bi2Pd3S2,0.0
mp-568531,Bi2Pt,0.0
mp-22856,Bi2S3,1.3617999999999997
mp-541837,Bi2Se3,0.5434000000000001
mp-29666,Bi2Te2Se,0.5476000000000001
mp-34202,Bi2Te3,0.5335999999999999
mp-583234,Bi4I,0.0
mp-631577,BiAs2Os,0.0
mp-752602,BiBr3,2.8714
mp-22849,BiI3,2.5339
mp-27945,BiO,0.0
mp-558798,BiPO4,3.6895
mp-1008488,BiPd,0.0
mp-23324,BiSBr,2.0287
mp-23318,BiSCl,1.9601
mp-23514,BiSI,1.8669
mp-27902,BiSe,0.0
mp-569707,BiSeBr,1.6912
mp-23020,BiSeI,1.5745000000000005
mp-22965,BiTeI,1.2741999999999996
mp-1195032,BiTeNO6,2.7982
mp-680422,CBr4,2.9089
mp-27962,CI4,1.1002999999999998
mp-27298,Ca11Bi10,0.0
mp-30474,Ca11Ga7,0.0
mp-1095180,Ca2CdAs2,0.8529999999999998
mp-865167,Ca2CdPb,0.0
mvc-2283,Ca2Co9O13,0.0
mp-304,Ca2Ge,0.3147000000000002
mp-29809,Ca2GeN2,0.0
mp-1045861,Ca2Mn9O13,0.0
mp-2923,Ca2Os2O7,0.0
mp-20723,Ca2PbAu2,0.0
mp-1189528,Ca2ScSbO6,3.6563
mp-2517,Ca2Si,0.2911999999999999
mp-22735,Ca2Sn,0.05640000000000001
mp-674232,Ca2Sn2F3,0.0
mp-866503,Ca2SnS4,2.2605
mp-1045642,Ca2Ti9O13,0.0
mp-867849,Ca2TlCd,0.0
mp-867854,Ca2ZnRh,0.0
mp-27997,Ca3Al2Ge3,0.0
mp-30366,Ca3Au,0.0
mp-12699,Ca3Au4,0.0
mp-1013545,Ca3BiAs,0.0
mp-1013733,Ca3BiSb,0.0
mp-20581,Ca3In,0.0
mp-844,Ca3N2,1.1111
mp-21128,Ca3PbN,0.0
mp-1013546,Ca3Sb2,0.08640000000000025
mp-1013548,Ca3SbN,0.4096000000000002
mp-866475,Ca3Sn2S7,0.6240000000000006
mp-10554,Ca3TlN,0.0
mp-674516,Ca3Zr17O37,0.0
mp-675084,Ca4Al3O10,0.0
mp-757343,Ca4Bi6O13,1.7238000000000002
mp-30367,Ca5Au2,0.0
mp-6632,Ca5B3O9F,4.2439
mp-570356,Ca5Ir,0.0
mp-17564,Ca5Sb3,0.2412000000000001
mp-866952,Ca5Sn4S13,0.0
mp-542496,Ca6Ag16N,0.0
mp-579544,Ca6Cu2Sn7,0.0
mvc-14703,CaAgF5,0.0
mp-568920,CaAu5,0.0
mp-865,CaB6,0.0
mp-866279,CaCdPd2,0.0
mp-962078,CaCdSi,0.0
mp-1882,CaCu5,0.0
mp-2741,CaF2,7.117999999999999
mp-11431,CaGa3Ni2,0.0
mp-567485,CaGaAu3,0.0
mp-541310,CaGaGe,0.0
mp-567456,CaGe2,0.6408000000000005
mp-631515,CaHfZn,0.0
mp-11287,CaHg2,0.0
mp-30031,CaI2,3.8971
mp-20846,CaIn2Ir,0.0
mp-20838,CaIn4Ir,0.0
mp-20378,CaInAu,0.0
mp-570689,CaInPt,0.0
mp-4243,CaIrO3,0.0
mp-5795,CaMg2N2,1.9969
mp-4864,CaMgSn,0.0
mp-20233,CaMnSn,0.0
mp-774,CaNi5,0.0
mp-2605,CaO,3.6344
mp-1213970,CaOsO3,0.0
mp-20034,CaPb,0.0
mp-12572,CaPd3C,0.0
mp-866015,CaPrZn2,0.0
mp-1672,CaS,2.3819
mp-1415,CaSe,2.0802000000000005
mp-4190,CaSnO3,2.9435
mp-1519,CaTe,1.5535
mvc-14915,CaTi4O8,0.0
mp-1046918,CaTiO2,0.0
mvc-5170,CaVO2,0.11009999999999964
mp-1725,CaZn2,0.0
mp-1039262,CaZn3,0.0
mp-542953,CaZn3Ni2,0.0
mp-1734,CaZn5,0.0
mp-703595,Cd13I28,0.0
mp-861878,Cd2AgRh,0.0
mp-861269,Cd2PbO4,0.0
mp-1372,Cd3As2,0.0
mp-2441,Cd3P2,0.0018000000000002456
mp-1203526,Cd4As2Br3,0.9601
mp-27528,Cd4As2I3,1.1726
mp-28914,Cd4P2Br3,1.3981000000000003
mp-29746,Cd4P2Cl3,1.3805999999999998
mp-568545,Cd4P2I3,1.379
mp-29044,Cd4Sb2I3,1.1297
mp-2642,CdAg,0.0
mp-471,CdAs2,0.1511
mp-1025294,CdAsPd5,0.0
mp-997036,CdAuO2,0.8887
mp-27934,CdBr2,2.938
mp-22881,CdCl2,3.5214
mp-241,CdF2,2.8977000000000004
mp-4953,CdGeAs2,0.03100000000000014
mp-3668,CdGeP2,0.6455000000000002
mp-582042,CdI2,2.4223
mp-1183669,CdIn,0.0
mp-1132,CdO,0.0
mp-913,CdP2,1.4533
mp-7904,CdP4,0.6506000000000007
mp-1696,CdPd,0.0
mp-1194,CdPt,0.0
mp-15638,CdRhF6,0.0
mp-672,CdS,1.1162
mp-1321,CdSb,0.3455000000000004
mp-567556,CdSb2Se3Br2,1.1147
mp-2691,CdSe,3.5799000000000003
mp-3078,CdSiAs2,0.4009
mp-4666,CdSiP2,1.4259000000000004
mp-3829,CdSnAs2,0.02210000000000001
mp-754329,CdSnO3,0.9762
mp-5213,CdSnP2,0.2684000000000002
mp-406,CdTe,0.5846000000000002
mp-28290,CdTeO3,3.0793
mp-28370,Ce15B8N25,0.0
mp-16484,Ce2Al2Co15,0.0
mp-574273,Ce2Co5B2,0.0
mp-9277,Ce2CrN3,0.0
mp-1195962,Ce2Fe17,0.0
mp-755777,Ce2S2O,0.0
mp-20973,Ce2S3,0.0
mp-22678,Ce2Sb,0.0
mp-32578,Ce2Se3,0.0
mp-1188216,Ce2Te3,0.0
mp-755065,Ce2Ti2O7,0.0
mp-574021,Ce2ZnNi2,0.0
mp-570987,Ce3Al,0.0
mp-10036,Ce3AlC,0.0
mp-606102,Ce3In3Ru2,0.0
mp-645694,Ce3LuSe6,0.0
mp-639904,Ce3MoO7,0.28080000000000016
mp-1025404,Ce3Pd5,0.0
mp-569913,Ce3SiPt5,0.0
mp-754141,Ce3TaO7,0.0
mp-23252,Ce4Bi3,0.0
mp-1006390,Ce4Si3Rh4,0.0
mp-675739,Ce5CuSe8,0.0
mp-510493,Ce5Ge3,0.0
mp-570175,Ce5Si3,0.0
mp-674412,Ce8U2O21,0.0
mp-676636,Ce9SmO20,0.0
mp-31420,CeAgSn,0.0
mp-1025445,CeAl2Pd5,0.0
mp-7225,CeAl2Pt3,0.0
mp-20338,CeAl3Ni2,0.0
mp-4096,CeAlO3,0.0
mp-9400,CeAlSi2,0.0
mp-8948,CeAsPd,0.0
mp-607004,CeAsSe,0.0
mp-11593,CeB2Ir3,0.0
mp-639306,CeBC,0.0
mp-1204806,CeBiW2O9,0.0730000000000004
mp-31173,CeCd2Ag,0.0
mp-866185,CeCdAu2,0.0
mp-510560,CeF3,0.1993999999999998
mp-1019598,CeGaO3,0.0
mp-24011,CeHSe,0.0
mp-702,CeHg,0.0
mp-20449,CeInIr,0.0
mp-30507,CeIr5,0.0
mp-1006323,CeLu3,0.0
mp-31175,CeMg2Ag,0.0
mp-865037,CeMgAg2,0.0
mp-13435,CeMgNi4,0.0
mp-19934,CeMgPt,0.0
mp-13254,CeMgZn2,0.0
mp-2493,CeN,0.0
mp-7550,CeNbO4,0.0
mp-20194,CeO2,1.8647
mp-1102302,CeOs2,0.0
mp-22217,CePd5,0.0
mp-1178453,CePrO2,0.0
mp-1018117,CeRh,0.0
mp-680698,CeSI,0.0
mp-38685,CeSbO3,0.0
mp-777413,CeScO3,0.0
mp-15653,CeSi2Ni,0.0
mp-3284,CeSi2Pt,0.0
mp-29535,CeSiI,0.0
mp-21441,CeSiIr,0.0
mp-505005,CeSiOs,0.0
mp-20603,CeTl3,0.0
mp-1018669,CeTlZn,0.0
mp-10055,Co2B4Mo,0.0
mp-1667,Co2Ge,0.0
mp-1043418,Co2O3,0.15380000000000016
mp-1025425,Co3H,0.0
mp-20456,Co3Se4,0.0
mp-2157,Co3W,0.0
mp-22732,Co5Ge7,0.0
mp-35690,Co5RuO8,0.0
mp-567747,Co7Mo6,0.0
mp-698580,Co7Re17O48,0.0
mp-452,CoAs3,0.0
mp-22546,CoAsRh,0.0
mp-4627,CoAsS,0.9407000000000004
mp-505511,CoAsSe,0.3962000000000003
mp-12801,CoCu2Sn,0.0
mp-21237,CoGe,0.009699999999999598
mp-1025557,CoMoP2,0.0
mp-448,CoN,0.0
mp-1178428,CoOF,0.0
mp-14285,CoP2,0.436
mp-1944,CoP3,0.27949999999999964
mp-1226003,CoPS,1.2910000000000004
mp-1178420,CoPbO3,0.0
mp-755,CoSb2,0.0
mp-1317,CoSb3,0.1651000000000007
mp-5881,CoSbS,0.3662000000000001
mp-1101642,Cr10Sb3Te7,0.0
mp-22803,Cr2CuS4,0.0
mp-22625,Cr2CuTe4,0.0
mp-19821,Cr2GeC,0.0
mp-690475,Cr2HO4,0.019000000000000128
mp-5602,Cr2HgSe4,0.0
mp-27512,Cr2NiS4,0.0
mp-19399,Cr2O3,2.4365
mp-31719,Cr2P3O11,0.0
mp-849081,Cr2S3,0.0
mp-675700,Cr2SbTe,0.0
mp-1096882,Cr3N2,0.0
mp-7806,Cr3P,0.0
mp-27840,Cr3Se4,0.0
mp-28704,Cr4As3,0.0
mp-675546,Cr4Cu3Te8,0.0
mp-1196316,Cr7C3,0.0
mp-20717,CrAs,0.0
mp-1018080,CrCo2Bi,0.0
mp-10394,CrCoGe,0.0
mp-570863,CrCoPt2,0.0
mp-1008225,CrFe2Sb,0.0
mp-21495,CrFeP,0.0
mp-769670,CrIrO4,0.0
mp-1047059,CrIrO6,0.0
mp-1007923,CrNi3,0.0
mp-4989,CrNiAs,0.0
mp-19177,CrO2,0.0
mp-510421,CrO3,2.2551
mp-22498,CrSb2,0.0
mp-8937,CrSi2,0.0
mp-685055,CrTe2,0.0
mp-1078250,Cs2AgBiBr6,1.3586
mp-1078258,Cs2AgBiCl6,1.8679
mp-1019602,Cs2Al2B2O7,4.2435
mp-567386,Cs2Cd3Te4,1.5570000000000002
mp-28497,Cs2CrCl4,0.0
mp-1190579,Cs2Cu2Sb2S5,1.1033999999999995
mp-540574,Cs2Hg3I8,1.8421
mp-17905,Cs2Hg6S7,0.9796
mp-1195667,Cs2MgGe3Se8,1.4672
mp-554708,Cs2Mo15S19,0.0
mp-31285,Cs2PdSe8,1.2163
mp-1191118,Cs2Sb,0.2820999999999998
mp-573763,Cs2Te,1.7740000000000002
mp-23405,Cs2TeBr6,2.1121
mp-540957,Cs2TeI6,1.3877
mp-1194749,Cs2ZnGe3Se8,1.3992
mp-1194701,Cs2ZnSn3Se8,1.2455
mp-542220,Cs3As,0.0
mp-635413,Cs3Bi,0.18149999999999974
mp-27544,Cs3Bi2Br9,2.5996
mp-669458,Cs3Bi2I9,2.3726
mp-683903,Cs3Nb2AsSe11,1.197
mp-10378,Cs3Sb,0.6137000000000001
mp-579560,Cs3Sb2Br9,1.9837
mp-23029,Cs3Sb2I9,1.8679
mp-541084,Cs3V2Cl9,0.0
mp-1204289,Cs4BiAs3Se7,1.4702
mp-680246,Cs4Zr3S14,1.7154
mp-581739,Cs5Mo21Se23,0.0
mp-866615,CsAg2AsS3,1.6565000000000003
mp-9206,CsAg5Te3,0.020099999999999785
mp-28610,CsAgCl3,0.0
mp-554408,CsAgSb4S7,1.6887
mp-581864,CsAsSe2,1.5081000000000002
mp-2667,CsAu,1.0239
mp-3977,CsB3O5,5.303999999999999
mp-23163,CsBi2,0.0
mp-567928,CsBi3Se5,0.9987999999999996
mp-541378,CsBiS2,1.7469
mp-1096942,CsBiSe2,0.9915
mp-571222,CsBr,4.2579
mp-984240,CsCaO3,0.0
mp-1191636,CsCdBO3,1.6471
mp-574426,CsCeCdSe3,0.18320000000000025
mp-574472,CsCeHgSe3,0.0
mp-573697,CsCl,4.8492
mp-1196438,CsCu2AsS3,1.4594
mp-7155,CsErZnSe3,2.49
mp-1784,CsF,5.2602
mp-30574,CsGa7,0.0
mp-562726,CsGaS3,2.6277
mp-984082,CsGdO3,0.0
mp-1104469,CsGdZnTe3,0.7901999999999996
mp-28377,CsGeI3,1.589
mp-614603,CsI,3.8572
mp-998430,CsInI3,1.4545
mp-559459,CsInS2,2.1704
mp-1200720,CsInSe2,1.6197
mp-1199743,CsInTe2,1.3394
mp-1192413,CsInTe3O8,3.0793000000000004
mp-985281,CsIr,0.0
mp-984356,CsIrO3,0.0
mp-11124,CsLaHgSe3,1.4529999999999998
mp-1202825,CsLu7S11,2.0088
mp-1203743,CsLu7Se11,1.5853
mp-978251,CsMg149,0.0
mp-510378,CsMnSb,0.0
mp-570455,CsNb6I11,0.0
mp-647818,CsNi2F6,0.0
mp-1225967,CsPSe6,1.5212
mp-1009544,CsRbP,0.0
mp-573514,CsSb,0.5556000000000001
mp-561639,CsSbS2,1.7235
mp-2969,CsSbSe2,1.1348
mp-998435,CsScBr3,0.0
mp-510062,CsSmCdSe3,2.0217
mp-7212,CsSmHgSe3,1.7129
mp-505709,CsSmZnSe3,2.024
mp-865565,CsSn3,0.0
mp-638078,CsTbZnTe3,1.3716999999999997
mp-28283,CsTiCl3,0.0
mp-504701,CsTiF4,0.0
mp-30974,CsWCl6,0.0
mp-11116,CsYCdSe3,2.0855
mp-11123,CsYHgSe3,1.3946
mp-574620,CsYZnSe3,2.1117
mp-542948,CsYbCoSe3,0.0
mp-1213115,CsYbMnSe3,0.0
mp-573935,CsYbZnSe3,0.0
mp-1195000,CsZn2B3O7,3.5058
mp-2004,Cu10Sb3,0.0
mp-676076,Cu11Sb4S13,0.0
mp-684898,Cu18S11,0.0
mp-684923,Cu25Se26,0.0
mp-15252,Cu2GeS3,0.10489999999999976
mp-4728,Cu2GeSe3,0.0
mp-361,Cu2O,0.4996999999999998
mp-754084,Cu2OF2,0.0
mp-1825,Cu2Sb,0.0
mp-1097707,Cu2Se,0.07629999999999981
mp-11658,Cu2SnSe3,0.0
mp-1861,Cu2Te,0.0
mp-17598,Cu2Te3O8,0.0
mp-1025340,Cu2WSe4,1.2631
mp-3345,Cu3AsS4,0.0
mp-675626,Cu3AsSe4,0.0
mp-580357,Cu3Pd,0.0
mp-5702,Cu3SbS4,0.0
mp-9814,Cu3SbSe4,0.0
mp-21770,Cu4As2O9,0.0
mp-30594,Cu4Pd,0.0
mp-530411,Cu4Sn7S16,0.006999999999999672
mp-559633,Cu6PbO8,0.0
mp-628808,Cu7Hg6,0.0
mp-31217,Cu8O,0.0
mp-1045694,Cu9O13,0.0
mp-684710,Cu9S5,0.0
mp-12954,CuBS2,1.7433999999999994
mp-22913,CuBr,0.4859
mp-3421,CuCN2,0.0
mp-1225654,CuCl,0.552
mp-997026,CuClO2,0.8627999999999999
mp-10634,CuF,0.0
mp-570136,CuI,1.6308000000000002
mp-619545,CuMoO4,0.3464999999999998
mp-27954,CuN3,1.5383
mp-927,CuP2,0.8635000000000002
mp-1018029,CuPd,0.0
mp-997098,CuPtO2,0.0
mp-4468,CuSbS2,0.7533000000000003
mp-20331,CuSbSe2,0.6351999999999993
mp-560049,CuSeO3,0.0
mp-567858,Dy12C6I17,0.0
mp-573622,Dy12Co7,0.0
mp-13431,Dy2AlCo2,0.0
mp-12574,Dy2C,0.0
mp-12977,Dy2CdPd2,0.0
mp-864959,Dy2CuOs,0.0
mp-865007,Dy2MgIn,0.0
mp-867349,Dy2MgTl,0.0
mp-864836,Dy2Ni12P7,0.0
mp-2345,Dy2O3,3.925100000000001
mp-1270,Dy2S3,0.5937999999999999
mp-568064,Dy2Sn5,0.0
mp-1188427,Dy2Te3,0.5390999999999999
mp-19950,Dy2Ti3Si4,0.0
mp-866005,Dy2TlCd,0.0
mp-865157,Dy2ZnIn,0.0
mp-984713,Dy3Ga,0.0
mp-1189242,Dy3GaS6,2.0553
mp-19881,Dy3InC,0.0
mp-14356,Dy3MnB7,0.0
mp-570768,Dy4CdRh,0.0
mp-1196712,Dy4GaSbS9,2.2782
mp-1927,Dy4Sb3,0.0
mp-569760,Dy5Pb3,0.0
mp-30623,Dy5Sn3,0.0
mp-10516,Dy6FeTe2,0.0
mp-2167,DyAg,0.0
mp-567574,DyAgGe,0.0
mp-867898,DyAgHg2,0.0
mp-2627,DyAs,0.0
mp-568319,DyB6,0.0
mp-10060,DyBPd3,0.0
mp-1009543,DyBiPd,0.0
mp-30453,DyBiPt,0.0
mp-11294,DyCd2,0.0
mp-8742,DyCoSi2,0.0
mp-22698,DyFeSi,0.0
mp-20122,DyGe,0.0
mp-22177,DyInAu,0.0
mp-22680,DyInCu2,0.0
mp-1078790,DyInPt2,0.0
mp-1358,DyIr2,0.0
mp-2483,DyMn2,0.0
mp-1410,DyN,0.05149999999999988
mp-1078577,DyNiGe2,0.0
mp-510152,DyNiSn,0.0
mp-5767,DyPO4,5.8870000000000005
mp-232,DyRh,0.0
mp-1018675,DyS2,0.0
mp-20281,DySiIr,0.0
mp-570860,DySn3,0.0
mp-865358,DySnRu2,0.0
mp-1018682,DyZnGa,0.0
mp-865257,DyZnRh2,0.0
mp-866009,DyZrRu2,0.0
mp-5068,DyZrSb,0.0
mp-9544,Er2C3,0.0
mp-3680,Er2Fe14B,0.0
mp-1018684,Er2Mg3Ru,0.0
mp-9267,Er2MnC4,0.0
mp-679,Er2O3,3.9629
mp-209,Er2Se3,0.7923
mp-31143,Er2SnAu2,0.0
mp-14643,Er2Te3,0.052100000000000264
mp-22537,Er3SnC,0.0
mp-504627,Er4NiB13,0.0
mp-31466,Er5Bi3,0.0
mp-570864,Er5NiPb3,0.0
mp-31167,Er5Si3,0.0
mp-23039,Er6MnBi2,0.0
mp-569724,ErAgSn,0.0
mp-1024985,ErAlGe,0.0
mp-5197,ErB2Ir3,0.0
mp-3093,ErB2Ru3,0.0
mp-1296,ErB6,0.0
mp-10061,ErBPd3,0.0
mp-1955,ErCu,0.0
mp-16751,ErCuPb,0.0
mp-1018064,ErFeC2,0.0
mp-11369,ErHg2,0.0
mp-985437,ErLu3,0.0
mp-30607,ErMg2,0.0
mp-19830,ErN,0.12429999999999986
mp-1025001,ErNi4Au,0.0
mp-12965,ErNi4B,0.0
mp-622620,ErNiSn,0.0
mp-30377,ErPbAu,0.0
mp-1184213,ErRu3,0.0
mp-9978,ErSe2,0.0
mp-17093,ErSiPd,0.0
mp-5640,ErSnAu,0.007200000000000095
mp-1280,ErTe,0.0
mp-30609,ErTlPd,0.0
mp-30614,ErZn12,0.0
mp-22306,Eu2CuO4,0.0
mp-1192354,Eu2Ga2GeS7,0.0
mp-1182469,Eu2O3,0.0
mp-613052,Eu2PBr,0.0
mp-20209,Eu2ReO5,0.0
mp-1189540,Eu2Se3,0.0
mp-1096952,Eu2SnSe5,0.0
mp-19897,Eu2TeO2,0.0
mp-1103738,Eu3S4,0.0
mp-684111,Eu3Sb4S9,0.0
mp-1200385,Eu3Sb4Se9,0.0
mp-867368,Eu3Sn,0.0
mp-22707,EuAgSb,0.0
mp-1019732,EuAl2O4,0.0
mp-21455,EuAlO3,0.0
mp-865246,EuBi3,0.0
mp-583684,EuCd11,0.0
mp-542757,EuClO,0.0
mp-583224,EuCo8P5,0.0
mp-555984,EuCu2SnS4,0.008000000000000007
mp-568497,EuCu9Sn4,0.0
mp-19908,EuF3,0.0
mp-19763,EuGe3Pt,0.0
mp-1102496,EuH2,0.3647
mp-20340,EuN,0.0
mp-974769,EuNiGe3,0.0
mp-21394,EuO,0.0
mp-672290,EuPPt,0.0
mp-1018147,EuPd,0.0
mp-19801,EuRhO3,0.0
mp-20587,EuS,0.0
mp-976284,EuSbO3,0.0
mp-22487,EuScO3,0.0
mp-21009,EuSe,0.0
mp-20387,EuSn3,0.0
mp-867138,EuSnAu2,0.0
mp-862606,EuSnO3,0.0
mp-542583,EuTe,0.0
mp-1079111,EuTiO3,0.0
mp-542584,EuTl,0.0
mp-505290,EuVO4,0.0
mp-1261,EuZn,0.0
mp-781127,Fe10O9F11,1.1833
mp-17977,Fe12As5,0.0
mp-777606,Fe2O2F3,0.0
mp-715572,Fe2O3,2.019
mp-684641,Fe2S,0.0
mp-685077,Fe2Te3,0.0
mp-973682,Fe3B,0.0
mp-1804,Fe3N,0.0
mp-2199,Fe3Si,0.0
mp-780861,Fe4O7F,0.0
mp-778923,Fe6O7F5,0.3117000000000001
mp-624243,Fe6W6C,0.0
mp-601842,Fe9Co7,0.0
mp-1042861,FeAs2O7,0.0
mp-561511,FeAsS,0.7273999999999994
mp-1101894,FeAsSe,0.4353000000000007
mp-5436,FeCo2Si,0.0
mp-675526,FeCoAs,0.0
mp-571122,FeI2,0.0
mp-763065,FeOF,0.9505000000000003
mp-1005,FeP,0.0
mp-570553,FeP4,0.8043000000000005
mp-1101971,FePS,0.4915000000000002
mp-21845,FePd3,0.0
mp-1184349,FeRhO3,0.0
mp-1714,FeSi2,0.6966000000000001
mp-21260,FeSn,0.0
mp-6959,Ga2NiS4,0.0
mp-886,Ga2O3,2.0078
mp-539,Ga2S3,1.6980999999999995
mp-1196063,Ga2Se2O7,3.5157
mp-1340,Ga2Se3,1.0376
mp-38970,Ga2Te3,0.6375000000000002
mp-21400,Ga3Pt2,0.0
mp-31485,Ga5Pd13,0.0
mp-567502,Ga8Cu3Mo2,0.0
mp-1190908,Ga9Rh2,0.0
mp-2534,GaAs,0.18869999999999987
mp-631565,GaAs2W,0.0
mp-1018126,GaBi,0.0
mp-19870,GaFe3,0.0
mp-1018074,GaFeNi2,0.0
mp-8211,GaGeTe,0.11869999999999957
mp-804,GaN,1.7433
mp-2490,GaP,1.5928
mp-2507,GaS,1.8818
mp-1156,GaSb,0.0
mp-1943,GaSe,1.2353999999999998
mp-865615,GaSiRu2,0.0
mp-867841,GaTc,0.0
mp-865746,GaTc2W,0.0
mp-542812,GaTe,1.0066000000000002
mp-637222,Gd2AlCo2,0.0
mp-504886,Gd2O3,2.8858
mp-608146,Gd2S3,0.4572999999999996
mp-1188175,Gd2Se3,0.2400000000000002
mp-1105966,Gd2Te3,0.07100000000000062
mp-542437,Gd2Zn17,0.0
mp-1200036,Gd2ZrS5,0.9655000000000004
mp-637182,Gd3Al7Ag2,0.0
mp-605854,Gd3Co11B4,0.0
mp-31101,Gd3ReO7,0.0
mp-20036,Gd3S4,0.0
mp-1199284,Gd4GaSbS9,1.5642
mp-680956,Gd6Ta4Al43,0.0
mp-510374,GdAs,0.0
mp-22266,GdB6,0.0
mp-20965,GdCd2,0.0
mp-19714,GdGeRu,0.0
mp-19745,GdInIr,0.0
mp-940,GdN,0.0
mp-541919,GdNiO3,0.0
mp-21149,GdO2,0.0
mp-20415,GdPbAu,0.0
mp-510403,GdSb,0.0
mp-21061,GdSbPd,0.0
mp-510490,GdScS3,1.1102
mp-1018707,GdSe2,0.0
mp-574283,GdTe,0.0
mp-2497,GdZn,0.0
mp-1018711,GdZnIn,0.0
mp-10032,Ge2Os,0.0
mp-1224375,Ge2Sb2Te5,0.2591999999999999
mp-976111,Ge3Sb,0.0
mp-9548,GeAs,0.7288999999999999
mp-17524,GeAs2,0.7096999999999998
mp-1224319,GeAs3,0.0
mp-27922,GeI2,2.022
mp-733,GeO2,3.2501
mp-1095275,GeP,0.8379000000000003
mp-20061,GePt2,0.0
mp-22239,GeRh,0.0
mp-2242,GeS,1.2375999999999996
mp-572892,GeS2,2.2648
mp-700,GeSe,0.8988
mp-540625,GeSe2,1.4381000000000002
mp-24420,H2Se,0.0
mp-1004524,HPbI3,0.0
mp-570784,Hf2Al3C4,0.0
mp-18581,Hf2Co4P3,0.0
mp-2754,Hf2Fe,0.0
mp-9939,Hf2Ge,0.0
mp-1018154,Hf2Hg,0.0
mp-865138,Hf2MnIr,0.0
mp-861,Hf2Ni,0.0
mp-976265,Hf2OsPd,0.0
mp-977407,Hf2ReRh,0.0
mp-10000,Hf2S,0.0
mp-9938,Hf2Si,0.0
mp-1009238,Hf2Tl,0.0
mp-504812,Hf3P,0.0
mp-29811,Hf3P3Pd4,0.0
mp-15964,Hf3Sb,0.0
mp-722913,Hf3Zn3N,0.0
mp-1025223,Hf4Al3,0.0
mp-976184,Hf4Co4Si7,0.0
mp-568048,Hf54Os17,0.0
mp-607409,Hf5CuPb3,0.0
mp-1018715,Hf5Pb,0.0
mp-17466,Hf5Sb3,0.0
mp-570870,Hf5Sb9,0.0
mp-17216,Hf5Si4,0.0
mp-21104,Hf5Sn3,0.0
mp-510691,Hf5Sn4,0.0
mp-12884,Hf5Te4,0.0
mp-675600,Hf6PbO18,0.0
mp-18622,Hf7P4,0.0
mp-16501,HfAlPd2,0.0
mp-29646,HfAs2,0.0
mp-961719,HfAsRh,0.0
mp-345,HfB,0.0
mp-13861,HfB4Ir3,0.0
mp-21075,HfC,0.0
mp-1106407,HfCo3B2,0.0
mp-333,HfFe2,0.0
mp-3576,HfGaCo2,0.0
mp-600125,HfInCu2,0.0
mp-569516,HfNi5,0.0
mp-352,HfO2,4.0165
mp-570960,HfOs2,0.0
mp-1007691,HfPt,0.0
mp-985829,HfS2,1.2322000000000002
mp-9922,HfS3,1.1326
mp-985831,HfSe2,0.5535999999999999
mp-1042,HfSi,0.0
mp-10456,HfSiPt,0.0
mp-11460,HfTc,0.0
mp-37737,HfTiF6,0.0
mp-982930,HfTl3,0.0
mp-1018720,HfVSi,0.0
mp-864807,HfZnNi2,0.0
mp-11870,Hg2Rh,0.0
mp-557697,Hg2Sb2O7,0.0
mp-973071,Hg3As,0.0
mp-973461,Hg3C,0.0
mp-975461,Hg3Sb,0.0
mp-23292,HgBr2,2.5412
mp-1224070,HgBrCl,2.5769
mp-22855,HgCl2,2.8686
mp-1016831,HgIrO3,0.0
mp-1224,HgO,1.1867
mp-631323,HgOsPb2,0.0
mp-27178,HgPS3,1.7549
mp-623,HgPt,0.0
mp-1066522,HgPt3,0.0
mp-1016877,HgRhO3,0.0
mp-1123,HgS,0.0
mp-820,HgSe,0.0
mp-2730,HgTe,0.0
mp-569851,Ho10Si17,0.0
mp-30385,Ho2Au,0.0
mp-1025183,Ho2B4C,0.0
mp-1023,Ho2Co17,0.0
mp-867284,Ho2CuRh,0.0
mp-17534,Ho2Ge5Rh3,0.0
mp-1195954,Ho2HfS5,1.2383999999999995
mp-812,Ho2O3,3.9458
mp-31089,Ho2Pd2Pb,0.0
mp-878,Ho2S3,1.4612999999999996
mp-29677,Ho3AlC,0.0
mp-10279,Ho3GaC,0.0
mp-542748,Ho3Ge5,0.0
mp-975256,Ho3Hg,0.0
mp-28151,Ho3Ni19B10,0.0
mp-977145,Ho3P,0.0
mp-12544,Ho3Pd2,0.0
mp-1154,Ho4C7,0.6147
mp-978039,Ho4Ga16Co3,0.0
mp-542829,Ho5Si4,0.0
mp-982559,HoAlAu2,0.0
mp-569726,HoAlB14,0.0
mp-1025027,HoB2Rh3,0.0
mp-569281,HoB4,0.0
mp-1423,HoC2,0.0
mp-170,HoCd,0.0
mp-11302,HoCd3,0.0
mp-12007,HoCdCu4,0.0
mp-30558,HoCo3,0.0
mp-1025134,HoCu4Pd,0.0
mp-16342,HoGe,0.0
mp-5519,HoGeAu,0.0
mp-30388,HoInAu2,0.0
mp-21290,HoInPt,0.0
mp-13499,HoMg2,0.0
mp-864653,HoMgAu2,0.0
mp-861981,HoMgZn2,0.0
mp-14015,HoMn12,0.0
mp-883,HoN,0.08749999999999991
mp-542171,HoNiGe,0.0
mp-7925,HoSb2,0.0
mp-12900,HoSi,0.0
mp-976588,HoTh3,0.0
mp-22108,HoTiGe,0.0
mp-755236,HoTiO3,0.0
mp-22274,HoTiSi,0.0
mp-30732,HoTlPd,0.0
mp-13380,HoZnRh,0.0
mp-864624,HoZnRh2,0.0
mp-864616,ICl2,0.0
mp-677803,In11Cu9Se20,0.0
mp-1198248,In2Bi3Se7I,1.1530999999999998
mp-20296,In2Co,0.0
mp-22598,In2O3,0.9324000000000005
mp-22682,In2Pt,0.0
mp-22216,In2S3,0.8348999999999998
mp-627397,In2Se,0.0
mp-1199125,In2Se2O7,2.8542
mp-612740,In2Se3,0.9903
mp-510099,In3Au10,0.0
mp-22146,In3Pd5,0.0
mp-1021668,In3Sb,0.0
mp-19932,In4Se3,0.16659999999999986
mp-617281,In4Te3,0.12239999999999986
mp-555853,In6S7,0.3184999999999993
mp-567596,In6Se7,0.019000000000000128
mp-30343,InAg3,0.0
mp-20305,InAs,0.0
mp-569683,InAu3,0.0
mp-1206068,InBi2S4Br,1.7206
mp-559521,InBi2S4Cl,1.5605000000000002
mp-571169,InBi2Se4Br,1.2202999999999995
mp-631431,InHgW2,0.0
mp-22205,InN,0.0
mp-20351,InP,0.4679000000000002
mp-20790,InPS4,2.3061
mp-510438,InPt,0.0
mp-20796,InPt3C,0.0
mp-19795,InS,1.3508000000000004
mp-20012,InSb,0.0
mp-559864,InSb2S4Br,1.5220000000000002
mp-556541,InSb2S4Cl,1.5135
mp-570321,InSb2Se4Br,1.1267000000000005
mp-22691,InSe,1.7788
mp-631255,InSiIr,0.0
mp-567931,InSiTe3,0.4588999999999999
mp-510198,IrPb,0.0
mp-2833,IrS2,0.5311999999999992
mp-1361,IrSe2,0.049999999999999815
mp-1224600,K10Mn4Sn4S17,0.7217
mp-1224229,K10Zn4Sn4S17,1.9119
mp-775539,K11Mn4O16,0.0
mp-1223709,K2Ag3Sb3S7,1.7134000000000005
mp-560217,K2Al2B2O7,4.5949
mp-28800,K2Bi8Se13,0.8140000000000001
mp-571637,K2Cd2Te3,1.3224
mp-18101,K2Cd3S4,1.7876
mp-1198419,K2Cd3Se4,1.4015
mp-18531,K2Cd3Te4,1.4380000000000002
mp-1200819,K2FeGe3Se8,0.16620000000000013
mp-1199482,K2Gd2Sb2Se9,0.9272
mp-680679,K2Ho4Cu4S9,0.9172999999999996
mp-1223734,K2La2Sb2S9,1.1599000000000004
mp-6548,K2La2Ti3O10,2.0435
mp-29861,K2Mn3S4,0.0
mp-628305,K2MnSnSe4,0.2896000000000001
mp-1195788,K2Mo2Se2O11,2.8098
mp-675298,K2NbO6,0.0
mp-1223975,K2Nd2Ti3O10,2.1812000000000005
mp-505138,K2PdSe10,1.0629
mp-976148,K2RbSb,0.6904000000000001
mp-29877,K2ReH9,5.2167
mp-23471,K2RuCl6,0.0
mp-1022,K2S,2.322
mp-8426,K2Se,2.0909
mp-555587,K2SmP2S7,2.2238
mp-28530,K2Ta15O32,0.06700000000000017
mp-1747,K2Te,2.1383
mp-27688,K2TeI6,1.7434999999999998
mp-12535,K2ZnTe2,2.0535
mp-1120792,K3Bi2I9,2.5461
mp-983365,K3Hg,0.0
mp-628185,K3NaSn3Se8,1.4211000000000005
mp-542545,K3Nb2AsSe11,1.1647999999999998
mp-973614,K3Sn,0.0
mp-1211748,K3Ta2AsS11,1.8775
mp-683905,K3Ta2AsSe11,1.1878000000000002
mp-1211873,K3Ti2P5S18,1.2263
mp-675943,K3UF3,0.0
mp-1185139,K3V,0.0
mp-35889,K4C2O3,0.0
mp-556627,K4GeS4,2.7133
mp-568847,K4GeSe4,2.0003
mp-15148,K4Nb2S11,1.3942
mp-1199321,K5In3P6Se19,1.0581
mp-6296,K6Cd4Sn3Se13,1.4058
mp-17698,K6CdTe4,1.6626000000000003
mp-1019800,K8N3O,0.0
mp-12735,KAg2,0.0
mp-12532,KAg2PS4,1.2441
mp-1192667,KAg2SbS3,1.7039
mp-9490,KAg2SbS4,0.5695999999999999
mp-13819,KAgF3,0.0
mp-3074,KAgO,1.4716
mp-14659,KAsSe2,1.5885000000000002
mp-1191826,KBaAsSe3,1.6247
mp-557420,KBaB5O9,4.8693
mp-1190698,KBaSbSe3,1.7707000000000002
mp-23279,KBi2,0.0
mp-1223584,KBi3S5,1.3846999999999998
mp-29799,KBiO3,0.4914000000000001
mp-1223443,KBiS2,1.4658000000000002
mp-36539,KBiSe2,0.8241
mp-23251,KBr,4.3102
mp-29687,KC60,0.0
mp-22395,KCeSe4,0.0
mp-23193,KCl,5.027
mp-24842,KCoO2,0.9424
mp-1192531,KCu2SbS3,0.9596
mp-9868,KCu3S2,0.4596999999999998
mp-557728,KCu4AsS4,1.3059999999999996
mp-867419,KEuAsS4,0.0
mp-463,KF,5.9956
mp-11462,KHg,0.0
mp-11952,KHg11,0.0
mp-30717,KHg2,0.0
mp-22898,KI,3.8513
mp-23487,KIO3,2.7768000000000006
mp-505412,KInS2,2.0103
mp-505700,KInSe2,1.4733
mp-973245,KLu,0.0
mp-865104,KMo6S7,0.0
mp-773070,KNb2O5,0.0
mp-631304,KNb2Se,0.0
mp-18625,KPSe6,1.8828
mp-14005,KRuO4,0.0
mp-1536,KSb,0.9049
mp-15559,KSb5S8,1.5628999999999995
mp-11703,KSbS2,1.5969000000000002
mp-9576,KSbSe2,1.1122
mp-973960,KScO3,0.0
mp-11604,KSm2CuS4,0.9390999999999998
mp-3614,KTaO3,2.0983
mp-976271,KTi2F7,0.0
mp-976257,KTi5Se8,0.0
mp-6268,KTiPO5,3.0442
mp-974062,KTm,0.0
mp-1199049,KV6O11,0.8607999999999998
mp-639149,KZrPSe6,0.0
mp-698607,La10Mn9O30,0.03169999999999984
mp-555465,La10Si8O3,0.0
mp-863933,La16Mn15O48,0.0
mp-849992,La20Cu9O40,0.0
mp-14696,La2B4Rh5,0.0
mp-1077929,La2CuO4,0.0
mp-30223,La2Fe2I,0.0
mp-621659,La2Ge5Ir3,0.0
mp-18055,La2Ge5Rh3,0.0
mp-1197947,La2HfS5,1.1048
mp-20760,La2In,0.0
mp-1188812,La2MnNiO6,1.4037000000000006
mp-1105399,La2MoO5,0.8460999999999999
mp-3471,La2Ni5B4,0.0
mp-2292,La2O3,3.5319000000000003
mp-866691,La2PC,0.0
mp-571647,La2PI2,0.0
mp-8672,La2PdO4,0.0
mp-755355,La2Pr2O7,0.0
mp-1190346,La2Rh7,0.0
mp-7475,La2S3,1.0341999999999991
mp-32798,La2Se3,1.5389999999999997
mp-8620,La2Si5Rh3,0.0
mp-30755,La2Sn5Rh3,0.0
mp-1198687,La2ZrS5,1.1161000000000003
mp-4505,La3AlN,0.0
mp-510011,La3CuGeSe7,1.1836000000000002
mp-672231,La3Ge3Br2,0.0
mp-645695,La3LuSe6,0.7419000000000002
mp-866714,La3NiBr3,0.0
mp-879,La3Te4,0.0
mp-9435,La3ZrSb5,0.0
mp-1196490,La4Cd4In2S13,1.1445
mp-1203869,La4Co3O10,0.0
mp-21571,La4In5S13,0.0
mp-1196663,La4InSbS9,2.2186999999999992
mp-36088,La5SmS8,0.0
mp-698628,La8Mn7O24,0.016000000000000014
mp-1195582,La8Sb2S15,2.0104999999999995
mp-765688,LaAl12O19,0.0
mp-1104765,LaAl4,0.0
mp-12274,LaAl4Co,0.0
mp-2680,LaB6,0.0
mp-1018633,LaBPt3,0.0
mp-867908,LaBiAu2,0.0
mp-12055,LaCd2,0.0
mp-867225,LaCdAg2,0.0
mp-542251,LaCdAu,0.0
mp-30590,LaCu6,0.0
mp-905,LaF3,6.0429
mp-1002133,LaGa,0.0
mp-21201,LaGa3Pd2,0.0
mp-5837,LaGaO3,3.5835
mp-4816,LaGaS3,2.2220000000000004
mp-568574,LaGeI,0.0
mp-24153,LaH2,0.0
mp-734,LaHg,0.0
mp-20582,LaIn,0.0
mp-22017,LaIn2Ir,0.0
mp-20911,LaIn5Ir,0.0
mp-1094174,LaMg3,0.0
mp-2384,LaP,0.0
mp-973065,LaP3,0.0
mp-2889,LaPd3S4,0.0
mp-1832,LaPt5,0.0
mp-631674,LaRe2Ag,0.0
mp-631508,LaReB,0.0
mp-1065,LaSb,0.0
mp-1024951,LaScSi,0.0
mp-7083,LaSi,0.0
mp-2062,LaSi2,0.0
mp-28795,LaSi2Ru,0.0
mp-30756,LaSn3Ru,0.0
mp-550514,LaTaN2O,0.6712999999999996
mp-973891,LaV,0.0
mp-1202389,LaVI5O16,2.3401
mp-549589,LaZnAsO,0.5760000000000005
mp-867836,LaZnAu2,0.0
mp-698600,Li11Mn13O32,0.0
mp-765606,Li12Fe5O16,0.0
mp-530165,Li13Ti22O48,0.0
mp-530600,Li14Ti21O48,0.0
mp-762421,Li15Mn2O12,0.0
mp-686160,Li17Nb20O60,0.0
mp-677305,Li17Ti20O40,0.0
mp-4779,Li2B4O7,5.667999999999999
mp-10686,Li2CdGe,0.0
mp-1189383,Li2CdGeS4,2.2482
mp-1188784,Li2CdSnS4,1.9369
mp-774762,Li2Cu2S3,0.0
mp-759169,Li2CuF6,0.0
mp-865580,Li2DyIn,0.0
mp-1105387,Li2FeGeS4,0.002699999999999925
mp-1105173,Li2FeSnS4,0.0
mp-29210,Li2Ga,0.0
mp-554782,Li2Ga2GeS6,2.1339
mp-3201,Li2GaPd,0.0
mp-16341,Li2HgGe,0.0
mp-1191476,Li2In2GeS6,2.0266
mp-1191200,Li2In2GeSe6,1.1904
mp-1191903,Li2In2SiS6,2.1126
mp-1191817,Li2In2SiSe6,1.4957
mp-30344,Li2InAg,0.0
mp-866195,Li2LaTl,0.0
mp-1222646,Li2MgHg,0.0
mp-12128,Li2MgIn,0.0
mp-1222615,Li2MgSn,0.0
mp-7779,Li2NdAs2,0.0
mp-20106,Li2NdSb2,0.0
mp-866196,Li2PrIn,0.0
mp-7777,Li2PrP2,0.0
mp-531826,Li2PtO3,1.9603
mp-7924,Li2Sn5,0.0
mp-1222612,Li2SnIr,0.0
mp-865666,Li2TlAg,0.0
mp-1177853,Li2V2F7,0.27149999999999985
mp-569115,Li2ZnGe,0.0
mp-555186,Li2ZnSnS4,2.1985
mp-23222,Li3Bi,0.34289999999999976
mp-976060,Li3C,0.0
mp-770632,Li3CrO4,1.1236000000000002
mp-977188,Li3Dy,0.0
mp-768214,Li3FeS3,0.0
mp-769728,Li3Mn4O8,0.7442000000000002
mp-1222432,Li3MnAs2,0.0
mp-985583,Li3PS4,2.9512
mp-542435,Li3ScN2,2.2440999999999995
mp-29165,Li3Si3Ag2,0.0
mp-774369,Li3V12O29,0.0
mp-770688,Li4CrO5,1.3916
mp-764769,Li4VF7,2.6044
mp-566981,Li4WO5,3.8916
mp-772347,Li6FeO6,0.0
mp-530141,Li7Ti16O32,0.0
mp-779455,Li7Ti5O12,0.0
mp-34052,Li7Ti7O16,0.0
mp-756213,Li8BiS6,0.0
mp-8469,Li8IrO6,0.0
mp-1020029,Li8PO3,0.0
mp-8424,Li8PrO6,0.0
mp-752837,LiAgF3,0.011700000000000044
mp-30821,LiAl2Rh,0.0
mp-982666,LiAl2Tc,0.0
mp-10890,LiAl3,0.0
mp-8204,LiAlB14,1.2527
mp-995282,LiAlB4,0.0
mp-5920,LiAlGe,0.05640000000000001
mp-862297,LiAlRh2,0.0
mp-555874,LiAsS2,1.0664000000000002
mp-1078724,LiAsSe2,0.8416999999999999
mp-3660,LiB3O5,6.3532
mp-862316,LiBePt2,0.0
mp-1222404,LiBiS2,1.4151000000000002
mp-976280,LiBr,4.9350000000000005
mp-867805,LiCa2Ga,0.0
mp-504670,LiCa2Ge3,0.0
mp-867211,LiCa2In,0.0
mp-975368,LiCa2Mg,0.0
mp-1192528,LiCa3As2H,1.439
mp-975333,LiCaO3,0.0
mp-867115,LiCd2Rh,0.0
mp-6126,LiCdBO3,2.1156
mp-1185319,LiCl,5.9282
mp-1176780,LiCoS2,0.5267
mp-567097,LiCu2Ge,0.0
mp-752898,LiCu3F7,0.0
mp-9158,LiCuO2,0.37780000000000014
mp-976793,LiEr2Ga,0.0
mp-862599,LiErAu2,0.0
mp-1138,LiF,8.7161
mp-865963,LiGaAg2,0.0
mp-861900,LiGaAu2,0.0
mp-5854,LiGaO2,3.1981
mp-867198,LiGaPd2,0.0
mp-867170,LiGaPt2,0.0
mp-3647,LiGaS2,2.9608
mp-11582,LiGaSe2,2.0656
mp-5048,LiGaTe2,1.5885000000000002
mp-13322,LiGeRh2,0.0
mp-976598,LiHf2Ir,0.0
mp-867119,LiHfPd2,0.0
mp-861896,LiHg2Pd,0.0
mp-862722,LiHoAu2,0.0
mp-973818,LiHoO3,0.0
mp-570935,LiI,4.3818
mp-23384,LiIO3,3.7255
mp-13396,LiIn2Rh,0.0
mp-567787,LiInAg2,0.0
mp-1188392,LiInS2,2.1899
mp-20187,LiInSe2,1.5731
mp-1222280,LiInSn,0.0
mp-20782,LiInTe2,1.3847
mp-976596,LiLu2Ga,0.0
mp-973286,LiLu2Pd,0.0
mp-977393,LiLu2Ru,0.0
mp-977386,LiLu2Tc,0.0
mp-864598,LiMg2Ag,0.0
mp-12558,LiMgAs,0.0
mp-570213,LiMgBi,0.3618999999999999
mp-37906,LiMgN,2.2707
mp-1003315,LiMn4O8,0.1379999999999999
mp-676780,LiMn9Se10,0.0
mp-37620,LiMnO2,0.0
mp-25584,LiMo3O8,0.0
mp-565827,LiMoIO6,2.1572
mp-3731,LiNbO3,3.3358000000000003
mp-861661,LiPr2Ru,0.0
mp-1079885,LiSbS2,1.0716
mp-37480,LiSbSe2,0.0
mp-1222285,LiSbTe2,0.0
mp-863659,LiScHg2,0.0
mp-864997,LiSiPd2,0.0
mp-867902,LiSiRh2,0.0
mp-21894,LiSn4Ir,0.0
mp-11977,LiSnAu,0.0
mp-3666,LiTaO3,3.7003
mp-861951,LiTaRh2,0.0
mp-865940,LiThAu2,0.0
mp-772108,LiTi11O20,0.0
mp-754937,LiTi3O6,0.0
mp-12716,LiTlPd2,0.0
mp-867162,LiTm2Rh,0.0
mp-862614,LiTm2Ru,0.0
mp-18189,LiTmSn,0.0
mp-776204,LiV3O4,0.0
mp-862673,LiY2Ru,0.0
mp-1222376,LiZnBO3,3.5125
mp-7575,LiZnN,0.5083000000000002
mp-865870,LiZr2Os,0.0
mp-865868,LiZrRh2,0.0
mp-865445,Lu2AgAu,0.0
mp-16490,Lu2Al3Co,0.0
mp-973625,Lu2AlTc,0.0
mp-973956,Lu2CdAg,0.0
mp-866211,Lu2CdIn,0.0
mp-14306,Lu2FeS4,0.0
mp-973734,Lu2InHg,0.0
mp-973771,Lu2MgHg,0.0
mp-865350,Lu2Mn12P7,0.0
mp-973756,Lu2Mo2C3,0.0
mp-1427,Lu2O3,4.0206
mp-866131,Lu2TlAg,0.0
mp-866133,Lu2TlCd,0.0
mp-10566,Lu3BC3,0.0
mp-973300,Lu3Ga,0.0
mp-11733,Lu3InN,0.0
mp-10607,Lu3TlC,0.0
mp-15178,Lu4C7,0.0
mp-13234,Lu5Si3B,0.0
mp-1018131,LuAg2,0.0
mp-1025564,LuAl2Pd5,0.0
mp-976931,LuAlAg2,0.0
mp-11249,LuAu,0.0
mp-3105,LuBPd3,0.0
mp-8371,LuC2,0.0
mp-865977,LuCdAg2,0.0
mp-865609,LuGaRh2,0.0
mp-973906,LuGe2,0.0
mp-865846,LuHfRu2,0.0
mp-1529,LuIr,0.0
mp-1761,LuIr2,0.0
mp-19967,LuMnSi,0.0
mp-10192,LuP,0.0
mp-790,LuPt3,0.0
mp-973432,LuScRh2,0.0
mp-973433,LuScRu2,0.0
mp-973430,LuScZn2,0.0
mp-973633,LuSi2Ni,0.0
mp-22440,LuSiIr,0.0
mp-973536,LuUO3,0.0
mp-568548,Mg10B16Ir19,0.0
mp-865352,Mg17Al11Pd,0.0
mp-17659,Mg23Al30,0.0
mp-864976,Mg2AgIr,0.0
mvc-15331,Mg2CrN2,0.0
mp-2481,Mg2Cu,0.0
mp-30650,Mg2Ga,0.0
mp-408,Mg2Ge,0.16890000000000027
mp-1192564,Mg2GeSe4,1.4167
mvc-14629,Mg2MnN2,0.0
mp-20724,Mg2Pb,0.0
mp-864972,Mg2PdAu,0.0
mp-864965,Mg2RhAu,0.0
mp-1367,Mg2Si,0.21690000000000031
mp-14793,Mg2SiPt,0.0
mp-2343,Mg2Sn,0.0
mp-34433,Mg2TcO4,0.0
mp-1045970,Mg2V9O13,0.0
mp-674528,Mg2Zr14O5,0.0
mp-31506,Mg32Al36Ag13,0.0
mp-1990,Mg3As2,1.431
mp-569018,Mg3Bi2,0.0
mp-571626,Mg3Ga7Co2,0.0
mp-642855,Mg3Ge,0.0
mp-1559,Mg3N2,1.5099999999999998
mp-2514,Mg3P2,1.6067999999999998
mp-542429,Mg3Rh,0.0
mp-625,Mg3Ru2,0.0
mp-1196139,Mg3Sb2,1.3218
mp-864938,Mg3Tl,0.0
mp-973307,Mg5As,0.0
mp-560026,Mg5B3O9F,5.1183999999999985
mp-759796,Mg5Ti13O30,0.0
mp-570849,Mg5Tl2,0.0
mp-753285,Mg9CuO10,0.0
mp-3477,MgAgAs,0.0
mp-973060,MgCr,0.0
mp-30449,MgCuBi,0.0
mp-3522,MgCuSb,0.0
mp-11361,MgCuSn,0.0
mp-1249,MgF2,6.824
mp-7798,MgGeN2,2.6358
mp-973308,MgIn3,0.0
mp-973088,MgInAg2,0.0
mp-865043,MgInPd2,0.0
mp-770618,MgMnO3,1.93
mp-977463,MgMnRh2,0.0
mp-15778,MgNiSb,0.0
mp-1265,MgO,4.444899999999999
mp-1185974,MgPb3,0.0
mp-977056,MgPt5,0.0
mp-977571,MgRh2Pb,0.0
mp-9927,MgRhF6,0.0
mvc-15707,MgSbF6,0.0
mp-10184,MgSbPt,0.0
mp-1174,MgSc,0.0
mp-977554,MgScAg2,0.0
mp-1018040,MgSe,2.5855
mp-13241,MgSi7Ir3,0.0
mp-3677,MgSiN2,3.9662000000000006
mp-866073,MgSnRh2,0.0
mp-1039,MgTe,2.3612
mp-1222072,MgTi11O20,0.0
mp-1046590,MgTi4O6,0.0
mp-11498,MgTl,0.0
mp-1042943,MgV4O6,0.0
mp-1124,MgZn2,0.0
mp-567968,Mn11Si19,0.8909000000000002
mp-752,Mn15Si26,0.0
mp-7892,Mn2AlB2,0.0
mp-769986,Mn2AlO4,0.2172000000000001
mp-1017515,Mn2CoAs,0.0
mp-22289,Mn2CoGe,0.0
mp-976082,Mn2GaW,0.0
mp-621925,Mn2GeS4,0.0
mp-30720,Mn2Hg5,0.0
mp-12659,Mn2Nb,0.0
mp-781768,Mn2OF3,0.2825
mp-1849,Mn2P,0.0
mp-25554,Mn2Tl2O7,0.0
mp-865026,Mn2VSi,0.0
mp-16511,Mn3Al10,0.0
mp-1176463,Mn3NbO8,0.4478999999999997
mp-20362,Mn3NiN,0.0
mp-10198,Mn3PdN,0.0
mp-7070,Mn3PtN,0.0
mp-775510,Mn3SbO8,0.0
mp-28832,Mn5As4,0.0
mp-632686,Mn5Ge2,0.0
mp-767239,Mn5O3F5,0.0
mp-1046066,Mn5O7,0.0
mp-767193,Mn7O7F,0.0
mp-5491,MnAlAu2,0.0
mp-22240,MnAs,0.0
mp-978261,MnBe2Co,0.0
mp-1221645,MnCdO2,0.0
mp-19809,MnCoSi,0.0
mp-22221,MnCu2Sn,0.0
mp-974747,MnCu3,0.0
mp-560902,MnF2,3.6135
mp-4238,MnFeAs,0.0
mp-601285,MnGaNi2,0.0
mp-569151,MnGaPt,0.0
mp-610972,MnGePd,0.0
mp-4664,MnGeRh2,0.0
mp-28013,MnI2,1.1707
mp-22673,MnInCu2,0.0
mp-774148,MnNbO4,0.0
mp-1797,MnNi,0.0
mp-975423,MnNiP,0.0
mp-19006,MnO,1.9546000000000008
mp-19395,MnO2,1.0947
mp-754064,MnP2,0.0
mp-569522,MnP4,0.4802999999999997
mp-1783,MnS,0.0
mp-4142,MnSbPd,0.0
mp-571163,MnSbRh2,0.0
mp-999540,MnSe,0.06389999999999985
mp-1431,MnSi,0.0
mp-999508,MnSiNi2,0.0
mp-864971,MnSnRu2,0.0
mp-631280,MnTcOs,0.0
mp-672389,MnTe,0.0
mp-22792,MnTePd,0.0
mp-680309,Mo2NCl8,0.0
mp-542154,Mo3Pd2N,0.0
mp-1743,Mo5As4,0.0
mp-561240,Mo5O14,0.0
mp-715584,MoO3,1.8343
mp-1027692,MoSe2,1.1384
mp-777789,Na11Bi5O16,0.0
mp-685431,Na11Ti20O40,0.0
mp-30794,Na15Sn4,0.0
mp-1221560,Na19Zr11S30,0.0
mp-1020144,Na2Be4B4O11,4.983300000000002
mp-561075,Na2CdSnS4,1.9196
mp-990084,Na2Cl,0.0
mp-780837,Na2Cr7O14,0.0
mp-1221353,Na2EuGeSe4,0.04010000000000025
mp-1190388,Na2Ga2GeS6,2.6017
mp-17964,Na2Ge2Se5,1.4023
mp-31430,Na2In,0.0
mp-1190145,Na2In2GeS6,2.1782000000000004
mp-1190138,Na2In2SiS6,2.2303000000000006
mp-607437,Na2In5Au6,0.0
mp-631339,Na2LiTa,0.0
mp-1195277,Na2Mo2Se2O11,2.7696
mp-1192640,Na2Nb4Se4O19,2.3701
mp-648,Na2S,2.4399
mp-4770,Na2SO4,4.9811000000000005
mp-1266,Na2Se,2.0162
mp-2784,Na2Te,2.0282
mp-1190141,Na2TeS3,1.7821
mp-573581,Na2TeSe3,1.1915000000000002
mp-3488,Na2Ti3O7,2.9887
mp-30795,Na2Tl,0.0
mp-23546,Na2UI6,0.0
mp-764240,Na2V6O13,0.0
mp-542680,Na3In2Au,0.0
mp-1194849,Na3MoO4F,4.5564
mp-984106,Na3Re,0.0
mp-7956,Na3Sb,0.39859999999999984
mp-1186088,Na3Tl,0.0
mp-35589,Na3UF7,0.0
mp-752584,Na5Cu7O13,0.0
mp-3017,Na6CoSe4,0.0
mp-9266,Na6FeS4,0.0
mp-541787,Na8Hg3,0.0
mp-849285,Na8NbO6,0.0
mp-1020638,Na8PO3,0.0
mp-17868,NaAsO3,2.8378
mp-5942,NaAsS2,1.7428
mp-984519,NaAsSe2,1.1886
mp-2315,NaB15,0.0
mp-972941,NaBi3,0.0
mp-1221125,NaBiS2,1.4575
mp-1221101,NaBiSe2,1.1852
mp-22916,NaBr,4.0899
mp-1267,NaC,3.3846
mp-976289,NaCd2Au,0.0
mp-1192203,NaCdAsS3,1.9724
mp-976293,NaCdO3,0.0
mp-13459,NaCdSb,0.0
mp-1221073,NaCeS2,0.01609999999999978
mp-22862,NaCl,5.0032999999999985
mp-7469,NaCuO,1.2722000000000002
mp-682,NaF,6.0943
mp-697858,NaFe2O3,1.3849999999999998
mp-255,NaHg,0.0
mp-23268,NaI,3.5255
mp-1195769,NaIn3S5,1.2330999999999994
mp-20289,NaInS2,1.9001
mp-22473,NaInSe2,1.0191999999999997
mp-22483,NaInTe2,0.6388999999999996
mp-631317,NaIrPb,0.0
mp-13019,NaLa2TaO6,3.9812
mp-1186151,NaLi3,0.0
mp-2964,NaNO2,2.4238
mp-557436,NaNb2PS10,1.6451999999999996
mp-1190450,NaNbSe2O7,3.0044
mp-764004,NaNi2O3,0.0
mp-7944,NaSb,0.6019000000000001
mp-5955,NaSbF6,4.8892
mp-5414,NaSbS2,0.8815999999999997
mp-1220879,NaSbSe2,0.7406999999999999
mp-1220883,NaSbTe2,0.7610000000000001
mp-4276,NaSi2Pd3,0.0
mp-583168,NaSn2,0.0
mp-977140,NaTa3,0.0
mp-977244,NaTi5Se8,0.0
mp-1564,NaTl,0.0
mp-674499,Nb17Ir3S40,0.0
mp-29645,Nb2Cr4Si5,0.0
mp-1201852,Nb2O5,1.9233
mp-673700,Nb2Sb,0.0
mp-20689,Nb3B2,0.0
mp-568014,Nb3Bi,0.0
mp-22060,Nb3In,0.0
mp-675066,Nb3IrSe8,0.0
mp-1932,Nb3Os,0.0
mp-977434,Nb3Ru,0.0
mp-570751,Nb3Te,0.0
mp-15958,Nb3VS6,0.0
mp-685674,Nb40N21O16,0.0
mp-18032,Nb5Ga4,0.0
mp-16842,Nb5Ge3,0.0
mp-756988,Nb5OF14,0.0
mp-7250,Nb6Co7,0.0
mp-20133,NbCrN,0.0
mp-631452,NbCrW,0.0
mp-4364,NbGaCo2,0.0
mp-33932,NbHO3,2.6276
mp-28357,NbHg3F6,0.0
mp-631356,NbOsPb,0.0
mp-11514,NbPt2,0.0
mp-631412,NbRu2Cl,0.0
mp-2207,NbSe2,0.0
mp-2478,NbSi2,0.0
mp-21248,NbSiIr,0.0
mp-864790,Nd2BC,0.0
mp-866067,Nd2CdIn,0.0
mp-5182,Nd2Fe14B,0.0
mp-18678,Nd2Ge5Rh3,0.0
mp-1196123,Nd2HfS5,1.0464000000000002
mp-864622,Nd2IrPd,0.0
mp-540986,Nd2Ni7P4,0.0
mp-1045,Nd2O3,3.708
mp-19930,Nd2Ru2O7,0.0
mp-438,Nd2S3,0.7595999999999998
mp-32688,Nd2Se3,1.4284999999999997
mp-16380,Nd2Te3,0.1745000000000001
mp-569275,Nd2WC2,0.0
mp-976344,Nd2ZnGa,0.0
mp-1196300,Nd2ZrS5,1.0615000000000006
mp-571330,Nd3AlC,0.0
mp-2015,Nd3Ge5,0.0
mp-21483,Nd3In,0.0
mp-3071,Nd3Ni13B2,0.0
mp-2204,Nd3Te4,0.0
mp-976751,Nd3Zr,0.0
mp-3375,Nd4Ge3Rh4,0.0
mp-567369,Nd4Mg3Co2,0.0
mp-605835,Nd4MgRu,0.0
mp-753772,Nd4O3F7,0.0
mp-1464,Nd5Ge3,0.0
mp-172,Nd5Ge4,0.0
mp-864793,NdAgAs2,0.0
mp-20880,NdAgPb,0.0
mp-16622,NdAl7Au3,0.0
mp-2602,NdAs,0.0
mp-866076,NdAu3,0.0
mp-1929,NdB6,0.0
mp-3591,NdBRh3,0.0
mp-23300,NdBi,0.0
mp-13008,NdCrGe3,0.0
mp-974523,NdErTl2,0.0
mp-974638,NdErZn2,0.0
mp-254,NdF3,7.6164
mp-4196,NdFeSi2,0.0
mp-11396,NdGa2Ni,0.0
mp-3196,NdGaO3,3.4529
mp-21197,NdIn3,0.0
mp-510564,NdIn5Rh,0.0
mp-621362,NdInAu,0.0
mp-22696,NdInCu,0.0
mp-13327,NdLuSe3,0.4956
mp-2389,NdMg2,0.0
mp-568207,NdMg2Ni9,0.0
mp-11194,NdMgNi4,0.0
mp-5383,NdNiC2,0.0
mp-31049,NdO2,3.4112
mp-1080485,NdPt,0.0
mp-999335,NdRh,0.2267999999999999
mp-1586,NdSb,0.0
mp-1018815,NdSbPd,0.0
mp-4854,NdScGe,0.0
mp-975049,NdSmHg2,0.0
mp-12701,NdSn2,0.0
mp-567214,NdSnRh,0.0
mp-570,NdTe,0.0
mp-2550,NdTe2,0.0
mp-22331,NdTiGe,0.0
mp-974782,NdTlAg2,0.0
mp-30799,NdTlPd,0.0
mp-974744,NdZn2Ag,0.0
mp-20962,Ni23B6,0.0
mp-17383,Ni2Ge,0.0
mp-4091,Ni2Mo3N,0.0
mp-21536,Ni2Mo4C,0.0
mp-644742,Ni2Mo4N,0.0
mp-775542,Ni2PO5,0.0
mp-21008,Ni3Ge,0.0
mp-1100766,Ni3Pt,0.0
mp-1050,Ni3S4,0.0
mp-1017632,Ni3SnN,0.0
mp-19069,NiAgO2,0.0
mp-976763,NiAsO3,0.0
mp-763762,NiCO4,0.0
mp-1099,NiGe,0.0
mp-29752,NiGePt2,0.0
mp-973936,NiI,0.0
mp-13116,NiN,0.0
mp-19009,NiO,2.3008999999999995
mp-22619,NiP2,0.0
mp-1180046,NiS2,0.1979999999999995
mp-10264,NiTe,0.0
mp-20905,OsS2,0.0
mp-2452,P2O5,5.347200000000001
mp-28860,P2Se5,1.3347
mp-28885,PSe,2.2421
mp-558307,PW5O17,0.0
mp-20078,Pb2O3,1.0687000000000006
mp-22633,Pb3O4,1.133
mp-862868,PbBr2,2.5709
mp-862871,PbCl2,3.0963
mp-567542,PbI2,2.3829
mp-667338,PbN6,2.2747
mp-20725,PbO2,0.015500000000000291
mp-21276,PbS,0.4672000000000001
mp-2201,PbSe,0.4310000000000001
mp-22342,PbSeO4,3.1937999999999995
mp-393,Pd16S7,0.0
mp-1019238,Pd2N,0.0
mp-1336,PdO,0.0
mp-20599,PdPb2,0.0
mp-20250,PdS,0.0
mp-13682,PdS2,0.6036000000000001
mp-571383,PdSe,0.5940999999999996
mp-2418,PdSe2,0.5105
mp-863664,Pm2CuGe,0.0
mp-863722,Pm2IrRh,0.0
mp-863714,Pm2NiRh,0.0
mp-982772,Pm2PtAu,0.0
mp-1186518,Pm3I,0.0
mp-1186561,PmCd3,0.0
mp-862898,PmCdPd2,0.0
mp-1186552,PmDy3,0.0
mp-862905,PmGaAu2,0.0
mp-862912,PmHgAu2,0.0
mp-862933,PmMgAu2,0.0
mp-862939,PmMgCd2,0.0
mp-862941,PmMgRh2,0.0
mp-862955,PmSbRh2,0.0
mp-862961,PmSnRh2,0.0
mp-684619,Pr27Se40,0.0
mp-2714,Pr2Au,0.0
mp-982009,Pr2CdSn,0.0
mp-978102,Pr2Co12P7,0.0
mp-861498,Pr2HgPb,0.0
mp-20715,Pr2InGe2,0.0
mp-21870,Pr2InPd2,0.0
mp-558448,Pr2Ir2O7,0.0
mp-15179,Pr2S3,0.7774999999999999
mp-32689,Pr2Se3,1.4255999999999998
mp-32581,Pr2Te3,0.8827999999999996
mp-2980,Pr2Te4O11,3.2952
mp-975641,Pr3Cd,0.0
mp-975592,Pr3I,0.0
mp-605873,Pr4MgRu,0.0
mp-1484,Pr4Sb3,0.0
mp-616210,Pr5In11Ni6,0.0
mp-542465,Pr5Si4,0.0
mp-9537,Pr6Fe13Si,0.0
mp-699531,Pr7Mn8O24,0.0
mp-4308,PrAgAs2,0.0
mp-30181,PrAl3Ni2,0.0
mp-10622,PrAs,0.0
mp-999306,PrAu,0.0
mp-12569,PrB4,0.0
mp-12762,PrB6,0.0
mp-9028,PrBN2,2.1062000000000003
mp-13483,PrBPt4,0.0
mp-646,PrCd,0.0
mp-11610,PrCo4B,0.0
mp-976159,PrErIn2,0.0
mp-976151,PrErMg2,0.0
mp-2651,PrF3,7.5968
mp-978101,PrFeGe2,0.0
mp-976125,PrGaAu2,0.0
mp-976061,PrGe3,0.0
mp-981551,PrGe5,0.0
mp-1019094,PrGeAu,0.0
mp-20023,PrIn,0.0
mp-570611,PrInAu2,0.0
mp-946,PrIr2,0.0
mp-975932,PrLuIn2,0.0
mp-13326,PrLuSe3,0.4931999999999999
mp-975892,PrMgAg2,0.0
mp-7239,PrMgGa,0.0
mp-978086,PrMo3,0.0
mp-975655,PrNiGe2,0.0
mp-11344,PrO,0.0
mp-601,PrP,0.0
mp-1785,PrSb,0.0
mp-1018902,PrSbPt,0.0
mp-975797,PrSm3,0.0
mp-867735,PrSmO2,0.0
mp-975652,PrTe2,0.0
mp-975793,PrTmTl2,0.0
mp-460,PrZn,0.0
mp-20828,Pt3Pb,0.0
mp-20097,Pt3PbC,0.0
mp-13174,PtN,0.0
mp-288,PtS,0.3669000000000002
mp-762,PtS2,1.5425999999999995
mp-1115,PtSe2,0.8273999999999999
mp-581457,Rb15Hg16,0.0
mp-1105212,Rb2AgPS4,2.2505
mp-571293,Rb2BaNb2Se11,1.5116999999999998
mp-18556,Rb2Cd3S4,1.7838
mp-16818,Rb2Cd3Se4,1.4123
mp-29901,Rb2Cd3Te4,1.4415
mp-560562,Rb2CrF6,0.0
mp-1195291,Rb2Cu2Sb2S5,1.1621
mp-18006,Rb2Cu2SnS4,0.8784999999999998
mp-581600,Rb2FeI4,0.0
mp-1020707,Rb2GeB4O9,4.0842
mp-542629,Rb2Mo9Se10,0.0
mp-441,Rb2Te,1.8843
mp-570324,Rb2TeBr6,2.101
mp-28070,Rb2TeI6,1.6225
mp-1195363,Rb3Bi2Br9,2.8209
mp-29895,Rb3Bi2I9,2.4194
mp-975015,Rb3Ga,0.0
mp-1186859,Rb3Mn,0.0
mp-683902,Rb3Nb2AsSe11,1.1729
mp-16319,Rb3Sb,0.08969999999999989
mp-1194576,Rb3Sb2Br9,2.1926
mp-1209693,Rb3Sb2I9,1.9481
mp-978034,Rb3Sm,0.0
mp-1209358,Rb3Ta2AsS11,1.8816
mp-974745,Rb3Tm,0.0
mp-1020896,Rb4Ge3B6O17,3.8546
mp-542067,Rb4Ti3S14,1.2236000000000002
mp-556433,Rb5Tl3O,0.0
mp-540855,Rb6O,0.0
mp-17756,RbAg2SbS4,0.6094999999999999
mp-7767,RbAgF3,0.0
mp-23253,RbBi2,0.0
mp-1209327,RbBi3Se5,0.9825
mp-30041,RbBiS2,1.3438
mp-22867,RbBr,4.1927
mp-975411,RbBr3,0.0
mp-568643,RbC8,0.0
mp-1040,RbCd13,0.0
mp-23295,RbCl,4.8393
mp-11718,RbF,5.5244
mp-1179734,RbF3,2.1807000000000003
mp-1209628,RbGaSnSe4,1.3879
mp-862769,RbGe3,0.0
mp-1199892,RbGeB3O7,4.5769
mp-975170,RbHg3,0.0
mp-1219595,RbHgSbTe3,0.5587
mp-22903,RbI,3.7769999999999997
mp-21477,RbIn4,0.0
mp-601861,RbInS2,2.0972
mp-1192556,RbInTe3O8,3.0265
mp-10287,RbMnTe2,0.0
mp-1198591,RbMoPO6,2.8836
mp-1201070,RbNb4Br11,0.31499999999999995
mp-17945,RbPSe6,1.8608
mp-9060,RbPdF3,0.0
mp-975206,RbSbO3,0.0
mp-10621,RbSbS2,1.9475
mp-1189259,RbSbSe2,1.7798
mp-10782,RbTbSe2,1.9336
mp-569807,RbTiBr3,0.0
mp-981550,RbTmO3,0.0
mp-975138,RbWO3,0.0
mp-1209070,RbYbZnSe3,0.0
mp-558655,Re2PbO6,0.0
mp-631592,Re2RuBr,0.0
mp-16877,Re2W3C,0.0
mp-2473,Re3As7,0.0
mp-974458,Re3F,0.0
mp-1474,Re3P4,0.0
mp-974581,ReBiO3,0.0
mp-27340,ReCl4,0.0
mp-1025374,ReF6,0.0
mp-867792,ReIr3,0.0
mp-547271,ReO3,0.0
mp-867296,RePO5,0.0
mp-572758,ReS2,1.4428
mp-541582,ReSe2,1.1434000000000002
mp-12605,ReSi2,0.0
mp-974545,ReSn3,0.0
mp-17173,Rh2S3,0.19459999999999944
mp-974368,Rh3Pb,0.0
mp-1192175,RhSe2,0.0
mp-974467,Ru3Cl,0.0
mp-570880,RuCl3,0.0
mp-2030,RuS2,0.6675999999999993
mp-1922,RuSe2,0.3113999999999999
mp-27236,Sb2I2F11,0.0
mp-2136,Sb2O3,2.2239000000000004
mp-2809,Sb2S3,1.2828
mp-2160,Sb2Se3,0.7564000000000002
mp-6997,Sb2Te,0.0
mp-1201,Sb2Te3,0.2877000000000001
mp-27290,Sb2XeF14,1.943
mp-621960,Sb4Pb4S11,0.0
mp-23281,SbI3,2.1446000000000005
mp-1186928,SbPd3,0.0
mp-1078755,SbPt3,0.0
mp-973342,SbRh3,0.0
mp-22971,SbSBr,1.7647999999999997
mp-23041,SbSI,1.6354000000000002
mp-1209072,SbSeBr,1.4198
mp-22996,SbSeI,1.3775999999999995
mp-28051,SbTeI,0.8605999999999998
mp-685833,Sc14Cu14O37,0.0
mp-10911,Sc2Al3Ru,0.0
mp-862338,Sc2CuRu,0.0
mp-862339,Sc2GaAg,0.0
mp-972899,Sc2GaIr,0.0
mp-999257,Sc2MnC,0.0
mp-216,Sc2O3,3.8235
mp-401,Sc2S3,0.6433000000000004
mp-972861,Sc2TlTc,0.0
mp-10133,Sc3BPb,0.0
mp-28733,Sc3C4,0.0
mp-4755,Sc3Fe2Si3,0.0
mp-8577,Sc3GaC,0.0
mp-21035,Sc3PbC,0.0
mp-541558,Sc4Ge6Rh7,0.0
mp-607138,Sc5Bi3,0.0
mp-31025,Sc5NCl8,0.0
mp-510209,Sc5Pb3,0.0
mp-11201,Sc6FeSb2,0.0
mp-10446,Sc6NiTe2,0.0
mp-11754,Sc6Te2Os,0.0
mp-28321,Sc7CI12,0.0
mp-541594,Sc8Te3,0.0
mp-11237,ScAg,0.0
mp-10898,ScAlNi2,0.0
mp-1017631,ScBPd3,0.0
mp-11277,ScBe5,0.0
mp-867127,ScCdAg2,0.0
mp-867263,ScCdHg2,0.0
mp-21739,ScCoGe2,0.0
mp-769691,ScCoO3,0.0
mp-1101382,ScCrO4,0.21330000000000027
mp-1018149,ScCu2,0.0
mp-11412,ScGa2,0.0
mp-10212,ScGe2,0.0
mp-1129,ScIr,0.0
mp-2857,ScN,0.0
mp-3432,ScNiSb,0.2679999999999998
mp-12480,ScPPt,0.0
mp-1780,ScRh,0.0
mp-10712,ScRh3C,0.0
mp-862635,ScSbRh2,0.0
mp-862561,ScSbRu2,0.0
mp-3129,ScSi3Ni,0.0
mp-17092,ScSnPd,0.0
mp-1101375,ScTiO3,0.0
mp-13503,ScZn2,0.0
mp-862260,ScZn3,0.0
mp-972935,ScZnNi2,0.0
mp-867768,ScZnPt2,0.0
mp-2559,SeS,0.0
mp-4720,Si2Ni6B,0.0
mp-28945,Si2NiP3,0.0
mp-505071,Si2Pd9,0.0
mp-569815,Si2Ru,0.4067000000000007
mvc-4921,Si2SbO6,0.0
mp-988,Si3N4,4.245100000000001
mp-1863,SiAs,1.4518999999999995
mp-978553,SiAs2,0.8847999999999998
mp-972868,SiAu3,0.0
mp-569128,SiB3,1.4080000000000004
mp-753860,SiBi3O7,0.0
mp-978533,SiHg3,0.0
mp-2798,SiP,1.7395
mp-9996,SiP2,1.4173999999999998
mp-972794,SiSb3,0.0
mp-568264,SiSe2,2.1493
mp-1009813,SiSn,0.4112999999999998
mp-2755,SiTe2,0.0
mp-631362,SiTe2Os,0.0
mp-570334,SiW3,0.0
mp-867869,Sm2AgRu,0.0
mp-978519,Sm2AlCd,0.0
mp-1426,Sm2Fe17,0.0
mp-553121,Sm2IO2,0.0
mp-19816,Sm2In,0.0
mp-867142,Sm2IrPd,0.0
mp-566186,Sm2Mo2O7,0.0
mp-218,Sm2O3,3.7823
mp-672272,Sm2Pd2Pb,0.0
mp-978824,Sm2RuAu,0.0
mp-1403,Sm2S3,0.7441
mp-15081,Sm2Se3,0.3125
mp-684911,Sm2Te3,0.9168000000000004
mp-319,Sm2Tl,0.0
mp-978807,Sm2TlHg,0.0
mp-978815,Sm2TlZn,0.0
mp-1198078,Sm2ZrSe5,0.7862000000000005
mp-979266,Sm3Al,0.0
mp-1094052,Sm3AlN,0.0
mp-555639,Sm3OsO7,0.0
mp-978845,Sm3Sc,0.0
mp-571144,Sm3Te4,0.0
mp-972461,Sm3Zr,0.0
mp-581770,Sm4Al23Ni6,0.0
mp-1199065,Sm4GaSbS9,2.2433
mp-680615,Sm4In21Pd10,0.0
mp-1196183,Sm4InSbS9,2.1669
mp-567957,Sm4MgRh,0.0
mp-752785,Sm4U4O17,0.0
mp-680266,Sm5Br11,0.0
mp-672351,Sm6Br13,0.0
mp-2475,SmAg,0.0
mp-979972,SmAlCu,0.0
mp-1738,SmAs,0.0
mp-1106039,SmAs2Au,0.0
mp-30417,SmAu3,0.0
mp-6996,SmB6,0.0
mp-3428,SmBPd3,0.0
mp-17420,SmC10,0.0
mp-867157,SmCdHg2,0.0
mp-336,SmCo2,0.0
mp-5410,SmCo3B2,0.0
mp-1079121,SmCoC2,0.0
mp-13009,SmCrGe3,0.0
mp-770767,SmCuO3,0.12179999999999992
mp-978513,SmErMg2,0.0
mp-867879,SmHg3,0.0
mp-567912,SmHgPd,0.0
mp-978536,SmHoHg2,0.0
mp-978537,SmHoZn2,0.0
mp-20666,SmIn2Rh,0.0
mp-621351,SmInAu,0.0
mp-978544,SmLuTl2,0.0
mp-30779,SmMg3,0.0
mp-867181,SmMgHg2,0.0
mp-16734,SmNiAs,0.0
mp-999144,SmNiC2,0.0
mp-710,SmP,0.0
mp-1019110,SmPbAu,0.0
mp-1269,SmS,0.0
mp-2281,SmSb,0.0
mp-29647,SmSb2,0.0
mp-1447,SmSe,0.0
mp-15442,SmSi3Pt5,0.0
mp-571581,SmSnPd,0.0
mp-972520,SmSnRh2,0.0
mp-342,SmTe,0.0
mp-978507,SmTh3,0.0
mp-972522,SmTmZn2,0.0
mp-1219046,Sn2SbS2I3,1.1362
mp-566527,Sn2WO5,2.4096
mp-1041231,Sn3P3O13,0.0
mp-1371,Sn3Pd,0.0
mp-566092,Sn3WO6,2.2044
mp-978881,SnAs3,0.0
mp-978886,SnB,0.0
mp-29862,SnBr2,2.5388
mp-569152,SnCl2,3.0724
mp-995181,SnGe,0.21999999999999972
mp-5045,SnGeS3,1.6350000000000002
mp-27194,SnI2,1.7061000000000002
mp-23182,SnI4,2.0284
mp-2097,SnO,0.4096000000000002
mp-856,SnO2,0.6519000000000004
mp-20446,SnPt3C,0.0
mp-317,SnRh,0.0
mp-2231,SnS,0.9055
mp-1170,SnS2,1.5585999999999998
mp-691,SnSe,0.5159000000000002
mp-665,SnSe2,0.7018
mp-1883,SnTe,0.042799999999999734
mp-556498,Sr2Be2B2O7,4.079700000000001
mp-556076,Sr2Co2O5,0.16149999999999975
mp-29089,Sr2GeN2,0.053399999999999885
mp-1208761,Sr2SmTaO6,3.753600000000001
mp-5532,Sr2TiO4,1.9142
mp-1197632,Sr2V3Se5O18,2.4771
mp-1013583,Sr3Sb2,0.0
mp-3349,Sr3Ti2O7,1.8405
mp-29620,Sr5Bi3,0.0
mp-17720,Sr5Sn3,0.0
mp-704727,Sr5V3O12F,3.9987
mp-676519,Sr6Nb7O21,0.0
mp-758327,Sr7Bi23O40,0.0
mp-11224,Sr8Al7,0.0
mp-606379,Sr8Co8O23,0.0
mp-573523,Sr8Fe3N8,0.0
mp-30355,SrAg,0.0
mp-27233,SrAl,0.0
mp-1008755,SrB2,0.0
mp-242,SrB6,0.0
mp-30496,SrCd,0.0
mp-962076,SrCdSi,0.0
mp-542885,SrCrO4,2.8468
mp-30451,SrCuBi,0.0
mp-7390,SrGe2,0.0
mp-20074,SrIn2,0.0
mp-20497,SrIn2Ir,0.0
mp-542537,SrIn2Rh,0.0
mp-21901,SrIn4Ir,0.0
mp-21124,SrIn4Pt,0.0
mp-867171,SrLi2Sn,0.0
mp-571443,SrMgIn3,0.0
mp-20189,SrMnGe,0.0
mp-10564,SrN2,0.0
mp-17396,SrNi5As3,0.0
mp-2472,SrO,3.2748
mp-21162,SrPb3,0.0
mp-20489,SrPbO3,0.7933000000000003
mp-9926,SrRhF6,0.0
mp-1087,SrS,2.5006000000000004
mp-11815,SrSbAu,0.0
mp-2758,SrSe,2.231
mp-4092,SrSeO4,3.512
mp-8843,SrSiPd,0.0
mp-2879,SrSnO3,1.7365
mp-8539,SrSnP,0.0
mp-1958,SrTe,1.7623000000000002
mp-4651,SrTiO3,1.8488
mp-30877,SrTl2,0.0
mp-981311,SrTlHg2,0.0
mp-674944,SrUS2,0.0
mp-542431,SrV13O18,0.0
mp-12275,SrZnSb2,0.0
mp-631361,SrZr2Nb,0.0
mp-558760,SrZrS3,0.552
mp-864770,Ta2MoOs,0.0
mp-1079438,Ta2N,0.0
mp-780456,Ta2Nb3O12,0.0
mvc-4415,Ta2O5,2.7274000000000003
mp-864650,Ta2OsW,0.0
mp-14474,Ta2PtSe7,0.0
mp-1019270,Ta2TiN3,0.0
mp-38212,Ta2TlO6,0.0
mp-10142,Ta3B4,0.0
mp-567846,Ta3P,0.0
mp-3802,Ta4AlC3,0.0
mp-28964,Ta4FeTe4,0.0
mp-8046,Ta4N5,0.0
mp-1642,Ta5N6,0.0
mp-30439,Ta6Be15Cu8,0.0
mp-582719,Ta6Ni16Ge7,0.0
mp-869,TaAl3,0.0
mp-961679,TaAlPt,0.0
mp-1936,TaAs,0.0
mp-2676,TaBe2,0.0
mp-631635,TaCoSn2,0.0
mp-8338,TaF3,0.0
mp-961677,TaGaPt,0.0
mp-961692,TaInNi,0.0
mp-1279,TaN,0.0
mp-22709,TaNiB2,0.0
mp-30836,TaPd3,0.0
mp-567638,TaPt3,0.0
mp-1020,TaRh3,0.0
mp-979751,TaTiFe2,0.0
mp-979289,TaW3,0.0
mp-570655,Tb10B7C10,0.0
mp-530036,Tb11S16,0.0
mp-13432,Tb2AlCo2,0.0
mp-7024,Tb2C3,0.0
mp-570630,Tb2In16Pt7,0.0
mp-1056,Tb2O3,3.9006
mp-641945,Tb2Sb5,0.0
mp-755713,Tb2SbO2,0.0
mp-21712,Tb2Ti3Ge4,0.0
mp-972235,Tb3FeB7,0.0
mp-2321,Tb3Ge5,0.0
mp-541883,Tb3Ni13B2,0.0
mp-31102,Tb3ReO7,0.0
mp-972310,Tb3Si,0.0
mp-1200490,Tb4Al2O9,4.241199999999999
mp-1202576,Tb4GaSbS9,2.2742
mp-850834,Tb5Ti5O17,0.0
mp-30879,Tb5Tl3,0.0
mp-675130,Tb6PbSe10,1.7114999999999996
mp-3869,TbBRh3,0.0
mp-12615,TbBe13,0.0
mp-27923,TbCl,0.0
mp-2265,TbCo2,0.0
mp-11363,TbCu5,0.0
mp-11417,TbGa,0.0
mp-644529,TbGa2Co3,0.0
mp-867246,TbGa3,0.0
mp-24724,TbH2,0.0
mp-1206728,TbHg2,0.0
mp-672325,TbIn2Ni,0.0
mp-22382,TbInAg2,0.0
mp-22032,TbInIr,0.0
mp-623463,TbMn5Ge3,0.0
mp-30808,TbNi5,0.0
mp-4288,TbNiGe2,0.0
mp-769876,TbNiO3,0.0
mp-645,TbP,0.0
mp-1079305,TbPt,0.0
mp-1310,TbRh2,0.0
mp-1095657,TbSb2,0.0
mp-1025077,TbSe2,0.0
mp-31413,TbSnAu,0.0
mp-867290,TbTe,0.0
mp-30878,TbTl,0.0
mp-978911,TbYHg2,0.0
mp-2338,TbZn2,0.0
mp-4075,TbZrSb,0.0
mp-861610,Tc3Pd,0.0
mp-1002188,TcB,0.0
mp-9481,TcS2,1.1885000000000003
mp-20123,Te2Au,0.0
mp-1025876,Te2Mo3Se4,0.0
mp-613,Te2Pd3,0.0
mp-605028,Te2Pd3Pb2,0.0
mp-569766,TeI,0.7162999999999999
mp-570884,TeI4,1.7639000000000002
mp-1030732,TeMoSe,0.3348
mp-2125,TeO2,2.2279000000000004
mp-564,TePd,0.0
mp-669325,TeWCl9,0.0
mp-12584,Th2CrN3,0.0
mp-30639,Th2Fe7,0.0
mp-21428,Th2In,0.0
mp-2392,Th2Se5,0.7171000000000003
mp-3182,Th3B2C3,0.0
mp-570442,Th6Mg23,0.0
mp-178,ThAl,0.0
mp-1306,ThAl3,0.0
mp-1019357,ThAsSe,0.0
mp-571335,ThBi2,0.0
mp-22528,ThCrB4,0.0
mp-2215,ThHg2,0.0
mp-312,ThIr5,0.0
mp-643,ThO2,4.4187
mp-1019360,ThPSe,0.0
mp-570184,ThPd3,0.0
mp-568337,ThRh2,0.0
mp-22394,ThRu3C,0.0
mp-503,ThS,0.0
mp-21238,ThSi,0.0
mp-1025056,ThSi2Ru3,0.0
mp-760467,ThU8O18,0.0
mp-684733,Ti10O11,0.0
mp-760747,Ti11O18,0.0
mp-684731,Ti13S24,0.0
mp-999068,Ti2AlV,0.0
mp-1025149,Ti2B,0.0
mp-571126,Ti2BRh6,0.0
mp-12648,Ti2Be17,0.0
mp-10721,Ti2C,0.0
mp-30501,Ti2Cd,0.0
mp-999067,Ti2CoGe,0.0
mp-1025269,Ti2CoS4,0.0
mp-3951,Ti2CuS4,0.0
mp-861983,Ti2MnFe,0.0
mp-644259,Ti2NiH,0.0
mp-1025281,Ti2NiSe4,0.0
mp-865538,Ti2RePd,0.0
mp-865948,Ti2ReRh,0.0
mp-972275,Ti2ReRu,0.0
mp-865878,Ti2TcNi,0.0
mp-865931,Ti2TcPd,0.0
mvc-11251,Ti2ZnS4,0.0
mp-1187475,Ti3Be,0.0
mp-21457,Ti3Cu3O,0.0
mp-504733,Ti3Fe3O,0.0
mp-867750,Ti3PO7,0.0
mp-30851,Ti3Pt5,0.0
mp-21023,Ti3SnC2,0.0
mp-571457,Ti4NiBi2,0.0
mp-10734,Ti4O5,0.0
mvc-12157,Ti4ZnO8,0.0
mp-1045822,Ti5ZnO7,0.0
mp-32813,Ti9O10,0.0
mp-32544,Ti9O8,0.0
mp-1953,TiAl,0.0
mp-16482,TiAlAu2,0.0
mp-505540,TiAsRh,0.0
mp-962077,TiAuCl,0.0
mp-27785,TiBr2,0.0
mp-631,TiC,0.0
mp-22769,TiCoGe,0.0
mp-5967,TiCoSb,1.0520000000000005
mp-1216949,TiCoSn,0.0
mp-2454,TiFe2,0.0
mp-999002,TiFe2As,0.0
mp-998970,TiFe2Sb,0.0
mp-643945,TiFeH2,0.0
mp-866142,TiGaIr2,0.0
mp-7607,TiHgO3,1.3445999999999998
mp-980194,TiI,0.0
mp-865531,TiMn2Al,0.0
mp-866376,TiMn2Ge,0.0
mp-20952,TiNiSb,0.0
mp-554278,TiO2,2.6774000000000004
mp-980203,TiOs3,0.0
mp-5839,TiPO4,0.06289999999999996
mp-979261,TiPd,0.0
mp-996940,TiReN3,0.0
mp-2156,TiS2,0.0
mp-9920,TiS3,0.2284999999999995
mp-571651,TiSe,0.0
mp-2194,TiSe2,0.0
mp-865809,TiTc2Sb,0.0
mp-1907,TiTe2,0.0
mp-21289,TiZn3,0.0
mp-758418,Tl16O15F17,0.0
mp-559093,Tl2BiP2S7,2.1261000000000005
mp-1025299,Tl2CdTe4,0.07629999999999981
mp-18240,Tl2Cu2SnS4,0.22229999999999966
mp-29034,Tl2GeTe3,0.4684999999999997
mp-1188364,Tl2Hg3S4,1.634
mp-1105692,Tl2Hg3Se4,1.0512
mp-704535,Tl2Mo7O22,0.0
mp-1658,Tl2O3,0.0
mp-667,Tl2S,0.5885999999999996
mp-29711,Tl2Te3,0.7326999999999995
mp-31076,Tl2TeBr6,2.1666
mp-31077,Tl2TeI6,1.6797
mp-17172,Tl2TeS3,1.2603000000000004
mp-7684,Tl3AsSe3,0.8795999999999999
mp-972130,Tl3Cr,0.0
mp-1080016,Tl3Ir,0.0
mp-983235,Tl3Pb,0.0
mp-972082,Tl3Si,0.0
mp-5513,Tl3VS4,1.9533
mp-570339,Tl4CdI6,2.1721
mp-1191858,Tl4CuTeO6,0.5761000000000003
mp-174,Tl5Te3,0.0
mp-757458,Tl8Os8O27,0.0
mp-676274,Tl9SbSe6,0.7409999999999997
mp-4988,TlAsS2,1.7379000000000002
mp-30236,TlAsSe2,1.144
mp-27438,TlBiTe2,0.4683999999999999
mp-568560,TlBr,2.2965
mp-569639,TlCl,2.5365
mp-631546,TlCoBi,0.0
mp-631559,TlCoMo2,0.0
mp-541823,TlCr5S8,0.1426999999999996
mp-3407,TlCr5Se8,0.000399999999999956
mp-998147,TlCuCl3,0.0
mp-23415,TlFeI3,0.0
mp-4016,TlGaS2,1.7885
mp-17254,TlGaSe2,1.3725
mp-3785,TlGaTe2,0.5316999999999998
mp-1204377,TlHg6S4Br5,1.7886
mp-1202157,TlHg6Se4Br5,1.6013
mp-865274,TlInS2,1.3006000000000002
mp-22232,TlInSe2,0.7351000000000001
mp-22791,TlInTe2,0.5208999999999993
mp-1017982,TlN,0.0
mp-870,TlN3,1.7592
mp-11524,TlNi,0.0
mp-561066,TlS,0.8102
mp-28230,TlSbS2,1.6534
mp-567318,TlSbSe2,0.6743000000000001
mp-1836,TlSe,0.19799999999999995
mp-2556,TlSn,0.0
mp-2048,TlTe,0.12450000000000028
mp-631475,TlZn2Tc,0.0
mp-865283,Tm2AlOs,0.0
mp-979258,Tm2CdHg,0.0
mp-647243,Tm2Ga10Os3,0.0
mp-21486,Tm2In,0.0
mp-865354,Tm2IrPd,0.0
mp-865363,Tm2MgRu,0.0
mp-971705,Tm2MgTl,0.0
mp-1767,Tm2O3,3.9787
mp-555716,Tm2Ru2O7,0.0
mp-971979,Tm2ZnAg,0.0
mp-972244,Tm2ZnGa,0.0
mp-972274,Tm2ZnHg,0.0
mp-865236,Tm2ZnOs,0.0
mp-10351,Tm3GaC,0.0
mp-778664,Tm5Ti5O17,0.0
mp-16518,TmAl4Ni,0.0
mp-865402,TmAlCu,0.0
mp-1101,TmAs,0.0
mp-1017507,TmAu,0.0
mp-560,TmAu2,0.0
mp-15604,TmB2C,0.0
mp-10134,TmBPd3,0.0
mp-5438,TmBRh3,0.0
mp-865873,TmCdAg2,0.0
mp-1025408,TmCoSi2,0.0
mp-1025116,TmCu4Ag,0.0
mp-998911,TmGe,0.0
mp-24727,TmH2,0.0
mp-21177,TmIn3,0.0
mp-972410,TmLuPd2,0.0
mp-979073,TmMg2Sc,0.0
mp-971868,TmMgAg2,0.0
mp-865227,TmMgCd2,0.0
mp-11615,TmMnGe,0.0
mp-566643,TmMnO3,0.0
mp-348,TmPd,0.0
mp-2520,TmSb,0.0
mp-980392,TmScHg2,0.0
mp-11974,TmSnRh,0.0
mp-865249,TmSnRu2,0.0
mp-980648,TmThRu2,0.0
mp-515,TmTl,0.0
mp-673671,U11O5,0.0
mp-8894,U2Al3C4,0.0
mp-21269,U2AlCo2,0.0
mp-30176,U2AlCo3,0.0
mp-27661,U2Cl5O2,0.0
mp-21819,U2Cr30P19,0.0
mp-570800,U2MnN3,0.0
mp-1025230,U2Re2C3,0.0
mp-639876,U2SnRh2,0.0
mp-5505,U2TeN2,0.0
mp-1709,U2Ti,0.0
mp-680401,U2Zn17,0.0
mp-23196,U3Bi4,0.0
mp-541587,U3Cu2Se7,0.0
mp-972551,U3Nb,0.0
mp-567905,U3Ni3Sn4,0.0
mp-20328,U3Se4,0.0
mp-32590,U4N7,0.0
mp-504442,U4Re7Si6,0.0
mp-21063,U4S3,0.0
mp-622345,U5Ge3,0.0
mp-582635,U6Co,0.0
mp-1723,UAl3,0.0
mp-574122,UAl4,0.0
mp-16519,UAlNi4,0.0
mp-12072,UAu2,0.0
mp-13018,UCo4Sn,0.0
mp-907952,UCoSi,0.0
mp-30534,UCuP2,0.0
mp-580439,UFe5Si3,0.0
mp-20121,UFeSi,0.0
mp-20632,UGa2,0.0
mp-1070301,UGa3Ni,0.0
mp-623006,UGa5Ir,0.0
mp-21320,UGaNi,0.0
mp-20321,UGeRh,0.0
mp-21425,UNiSn,0.013399999999998968
mp-7830,UO,0.0
mp-1597,UO2,0.0
mp-1195782,UP2S7,0.009599999999999831
mp-30855,UPt3,0.0
mp-9937,USbSe,0.0
mp-19924,USeS,0.0
mp-2800,USi3,0.0
mp-7810,UVC2,0.0
mp-684675,V12P7,0.0
mp-640159,V2GaSn2,0.0
mp-690555,V2NO,0.0
mp-25620,V2O5,2.161
mp-769904,V2Si2O7,0.0
mp-865501,V2TcRu,0.0
mp-18879,V2ZnO4,1.6431999999999998
mp-971703,V3Ag,0.0
mp-1216491,V3As2O9,1.3012
mp-849227,V3CrO10,0.0
mp-1187753,V3Cu,0.0
mp-777133,V3CuO8,0.0
mp-2211,V3Pt,0.0
mp-865385,V3Re,0.0
mp-2567,V3Si,0.0
mp-504625,V3SiNi2,0.0
mvc-12584,V4ZnO8,0.6769999999999996
mp-10126,V5SiB2,0.0
mp-761359,V6AgO15,0.0
mp-619128,V6PbO11,0.0
mp-714972,V8O,0.0
mp-1491,VB2,0.0
mp-1002109,VCo,0.0
mp-980749,VFeRu2,0.0
mp-567636,VFeSb,0.3487
mp-569250,VIr,0.0
mp-865496,VIr3,0.0
mp-11531,VNi2,0.0
mp-714885,VO,0.7831999999999999
mp-19094,VO2,0.8578999999999999
mp-1114,VP,0.0
mp-8251,VP4,0.0
mp-18835,VPO4,1.7687
mp-12108,VPt2,0.0
mp-7821,VSb,0.0
mp-2540,VTc,0.0
mp-11687,VTe2,0.002400000000000624
mp-865486,VZnRu2,0.0
mp-2034,W2C,0.0
mp-27943,W2N,0.0
mp-765184,W3O7F,0.0
mp-23269,WCl3,0.0
mp-19443,WO3,1.1455
mp-1821,WSe2,1.4465
mp-865560,Y2AlZn,0.0
mp-1695,Y2C3,0.0
mp-755924,Y2CuO4,0.0
mp-13546,Y2Ge2O7,3.771900000000001
mp-541609,Y2Ge5Ir3,0.0
mp-19679,Y2Mo2O7,0.0
mp-2652,Y2O3,4.0531
mp-504560,Y2ReB6,0.0
mp-20643,Y2Ru2O7,0.0
mp-541289,Y2S3,1.4880000000000004
mp-39027,Y2U3O11,0.0
mp-13412,Y3Fe29,0.0
mp-21491,Y3GaCo3,0.0
mp-1189598,Y3GaS6,2.0516
mp-17381,Y3Ge4,0.0
mp-14244,Y3Si3Pd2,0.0
mp-981249,Y3Tm,0.0
mp-38494,Y4AsSe3,0.0
mp-1200885,Y4C7,0.6144999999999996
mp-675009,Y4CuTe8,0.0
mvc-3470,YAgO3,0.028999999999999918
mp-29736,YAlGe,0.0
mp-1095464,YAlPd,0.0
mp-933,YAs,0.0
mp-9880,YB2C,0.0
mp-23241,YBi,0.0
mp-865525,YCdHg2,0.0
mp-865520,YCdPd2,0.0
mp-865524,YCdPt2,0.0
mp-1294,YCo2,0.0
mp-24878,YCoO3,0.0
mp-980645,YErRh2,0.0
mp-24650,YH2,0.0
mp-30725,YHg2,0.0
mp-22056,YIn2Ni,0.0
mp-570765,YMg4Cu,0.0
mp-13090,YMgAl,0.0
mp-13172,YMgCu4,0.0
mp-5590,YMgGa,0.0
mp-2114,YN,0.1510000000000007
mp-7559,YNi4B,0.0
mp-11520,YNiSb,0.2962000000000007
mp-754671,YScO2,0.0
mp-12769,YSi2,0.0
mp-20557,YSiNi,0.0
mp-21069,YSiRu,0.0
mp-11571,YSn3,0.0
mvc-3431,YTiO3,0.0
mp-982007,YTmCu2,0.0
mvc-14736,YWO3,2.5451999999999995
mp-30885,YZn5,0.0
mp-676987,Yb14Ti10O41,0.0
mp-685044,Yb16S29,0.0
mp-645504,Yb23Mg4Cu7,0.0
mp-677392,Yb2Ce8O19,0.0
mp-10998,Yb2Ge2Ir,0.0
mp-865908,Yb2HgPb,0.0
mp-21267,Yb2InPd2,0.0
mp-1232217,Yb2MgS4,1.0526
mp-1232225,Yb2MgSe4,0.0
mp-2814,Yb2O3,0.0
mp-675912,Yb2SmS4,0.0
mp-570050,Yb2Sn,0.0
mp-977424,Yb2ZnPb,0.0
mp-3800,Yb3Al5O12,0.0
mp-3046,Yb3Sn13Rh4,0.0
mp-979938,Yb3Tc,0.0
mp-676370,Yb3Ti3O14,0.0
mp-979941,Yb3V,0.0
mp-1295,Yb4Sb3,0.0
mp-570527,Yb5Au4,0.0
mp-675015,Yb6U3O17,0.0
mp-569159,Yb8Ge3Sb5,0.0
mp-568559,YbAg2,0.0
mp-9776,YbAgGe,0.0
mp-13166,YbAgO2,0.0
mp-1259,YbAl3,0.0
mp-600,YbAs,0.0
mp-1025051,YbB2Rh3,0.0
mp-5364,YbBO3,0.0
mp-865742,YbCdHg2,0.0
mp-5111,YbCuGe,0.0
mp-980384,YbDyPd2,0.0
mp-972051,YbGa2Pd,0.0
mp-20498,YbGeRh,0.0
mp-1102692,YbIn4Ni,0.0
mp-672274,YbIn4Rh,0.0
mp-1584,YbIr2,0.0
mp-11098,YbMgPd,0.0
mp-704504,YbMn2O5,0.0
mp-982377,YbNd3,0.0
mp-865426,YbNdAg2,0.0
mp-4179,YbPO4,0.0
mp-865903,YbPmPt2,0.0
mp-531712,YbPr11Se16,0.0
mp-2235,YbRh2,0.0
mp-1820,YbS,2.2234
mp-1916,YbSb,0.0
mp-286,YbSe,1.9621
mp-972406,YbSi2Ni,0.0
mp-865993,YbSmRh2,0.0
mp-16641,YbSn2Pd,0.0
mp-11973,YbSnRh,0.0
mp-1779,YbTe,1.4688
mp-16472,YbTlS2,0.0
mp-570118,YbTlSe2,0.0
mp-865431,YbZnAu2,0.0
mp-13026,YbZnPt,0.0
mp-28787,Zn2BIr2,0.0
mp-560806,Zn2In2S5,0.0
mp-1191333,Zn2MoSeO7,3.7157
mp-1045893,Zn2Ni9O13,0.0
mvc-14005,Zn2Sb3O8,0.0
mvc-15382,Zn2SnN2,0.0
mvc-13731,Zn2WN2,0.0
mp-680580,Zn3As2,0.13779999999999992
mp-981200,Zn3Cd,0.0
mp-972042,Zn3Cu,0.0
mp-9460,Zn3N2,0.0
mp-2071,Zn3P2,0.3144
mp-30361,Zn8Ag5,0.0
mvc-15869,ZnAgF5,0.0
mp-7372,ZnAs,0.30589999999999984
mp-7262,ZnAs2,0.22489999999999988
mvc-12575,ZnCrO2,0.0
mp-977362,ZnGaRh2,0.0
mp-4008,ZnGeAs2,0.0118999999999998
mp-2979,ZnGeN2,1.6965
mp-4524,ZnGeP2,1.1667
mp-27161,ZnI2,2.9076000000000004
mp-1016926,ZnIrO3,0.0
mp-2133,ZnO,0.7309000000000001
mp-10695,ZnS,2.0186
mp-753,ZnSb,0.04099999999999948
mp-971763,ZnSb3,0.0
mp-1190,ZnSe,1.1663
mp-3595,ZnSiAs2,0.8866
mp-4763,ZnSiP2,1.3636999999999997
mp-1187976,ZnSn3,0.0
mp-5190,ZnSnAs2,0.008700000000000152
mp-13334,ZnSnO3,1.0766999999999998
mp-4175,ZnSnP2,0.7042999999999999
mp-4756,ZnSnSb2,0.0008999999999996787
mp-2176,ZnTe,1.0290000000000004
mp-1048324,ZnWO2,0.0
mp-2557,Zr2Al,0.0
mp-972631,Zr2Co12P7,0.0
mp-14025,Zr2CuS4,0.0
mp-642803,Zr2HBr2,0.0
mp-602268,Zr2In5Ni,0.0
mp-18648,Zr2Ni12P7,0.0
mp-22642,Zr2Se,0.0
mp-21559,Zr2Te,0.0
mp-30362,Zr3Ag,0.0
mp-13470,Zr3Al2,0.0
mp-1630,Zr3Hg,0.0
mp-30748,Zr3Ir,0.0
mp-561418,Zr3O,0.0
mp-645193,Zr4AlNi2,0.0
mp-22233,Zr4Co4Ge7,0.0
mp-16724,Zr5Al3,0.0
mp-972176,Zr5Al3C,0.0
mp-505759,Zr5Sb3,0.0
mp-542816,Zr5SiSb3,0.0
mp-510522,Zr5Sn3,0.0
mp-543001,Zr5Sn4,0.0
mp-13092,Zr6Al2Ni,0.0
mp-653981,Zr6NiCl15,0.0
mp-12972,Zr6Sb2Pt,0.0
mp-583740,Zr7P4,0.0
mp-32967,Zr7Sb4,0.0
mp-30183,ZrAl5Ni2,0.0
mp-567927,ZrAlPt,0.0
mp-977436,ZrAlRu2,0.0
mp-631503,ZrAlW,0.0
mp-17813,ZrAu4,0.0
mp-1472,ZrB2,0.0
mp-2795,ZrC,0.0
mp-1017540,ZrCd,0.0
mp-21591,ZrCrSi2,0.0
mp-601253,ZrGaPt,0.0
mp-2430,ZrGe2,0.0
mp-637736,ZrGeRu,0.0
mp-1024958,ZrHCl,0.0
mp-623134,ZrInCu2,0.0
mp-977475,ZrInPd2,0.0
mp-977543,ZrInRh2,0.0
mp-715,ZrIr2,0.0
mp-30790,ZrMo3,0.0
mp-1102687,ZrNiGe,0.014599999999999724
mp-20697,ZrNiSb,0.06900000000000084
mp-924129,ZrNiSn,0.4954000000000001
mp-2858,ZrO2,3.4737000000000005
mp-1018102,ZrPd2,0.0
mp-30842,ZrPd3,0.0
mp-12109,ZrRe2,0.0
mp-669917,ZrRh,0.0
mp-10706,ZrRu3C,0.0
mp-1186,ZrS2,1.0478000000000005
mp-9921,ZrS3,1.1134000000000004
mp-569671,ZrSb,0.0
mp-31457,ZrSbRu,0.0
mp-1183040,ZrSe,0.0
mp-2076,ZrSe2,0.331
mp-1683,ZrSe3,0.3937
mp-1515,ZrSi2,0.0
mp-19917,ZrSiTe,0.0
mp-1539,ZrTe,0.0
mp-1215204,ZrTi2O,0.0
mp-16548,ZrTiF6,0.0
mp-675,ZrW2,0.0
