1,Ag0.15Sb0.15Te1.15Ge0.85,78.67
2,Ag0.15Sb0.15Te1.15Ge0.85,122.16
3,Ag0.15Sb0.15Te1.15Ge0.85,199.03
4,Ag0.15Sb0.15Te1.15Ge0.85,165.79
5,Ag9TlTe5,388
6,Ag9TlTe5,327
7,Ag9TlTe5,311
8,AgCrSe2,279.207
9,AgCrSe2,300.119
10,AgCrSe2,306.696
11,Al0.02Zn0.98O,-289.98
12,Al0.02Zn0.98O,-331.35
13,Al0.02Zn0.98O,-412.05
14,Ba0.3Sr0.6La0.1TiO3,-82.2
15,Ba0.3Sr0.6La0.1TiO3,-101.4
16,Ba0.3Sr0.6La0.1TiO3,-163
17,Ba0.4Sr0.6PbO3,-82.77
18,Ba0.4Sr0.6PbO3,-96.44
19,Ba0.4Sr0.6PbO3,-117.92
20,Ba0.4Sr0.6PbO3,-52.48
21,Ba0.6Sr0.4PbO3,-42
22,Ba0.6Sr0.4PbO3,-51.37
23,Ba0.6Sr0.4PbO3,-65.77
24,Ba0.6Sr0.4PbO3,-39.71
25,Ba0.8Sr0.2PbO3,-24.46
26,Ba0.8Sr0.2PbO3,-30.29
27,Ba0.8Sr0.2PbO3,-41.77
28,Ba0.8Sr0.2PbO3,-33.71
29,Ba7SrAl16Si30,-26.52
30,Ba7SrAl16Si30,-33.75
31,Ba7SrAl16Si30,-53.15
32,Ba7SrAl16Si30,-79.05
33,Ba8Au5.14Si39.51,-102
34,Ba8Au5.14Si39.51,-118.1
35,Ba8Au5.14Si39.51,-98.25
36,Ba8Au5.59Si39.01,106.2
37,Ba8Au5.59Si39.01,126.5
38,Ba8Au5.59Si39.01,136.48
39,Ba8Au6.10Si38.97,46.24
40,Ba8Au6.10Si38.97,56.99
41,Ba8Au6.10Si38.97,76.87
42,Ba8Ga16Ge30,-42.79
43,Ba8Ga16Ge30,-49.65
44,Ba8Ga16Ge30,-50
45,Ba8Ga16Ge30,-62
46,Ba8Ga16Ge30,149
47,Ba8Ga16Ge30,-55.98
48,Ba8Ga16Ge30,-62.16
49,Ba8Ga16Ge30,-75
50,Ba8Ga16Ge30,-100.8
51,Ba8Ga16Ge30,185
52,Ba8Ga16Ge30,-107.38
53,Ba8Ga16Ge30,-102.27
54,Ba8Ga16Ge30,-150
55,Ba8Ga16Ge30,-186
56,Ba8Ga16Ge30,288
57,Ba8Ga16Ge30,-200
58,Ba8Ga16Ge30,-144.4
59,Ba8Ga16Ge30,-141.98
60,Ba8Ga16Ge30,289
61,Ba8Ga16Si30,-49.3
62,Ba8Ga16Si30,-62.8
63,Ba8Ga16Si30,-111
64,Ba8Ga16Sn30,-188.6
65,Ba8Ga16Sn30,-233
66,Ba8Ga16Sn30,-138
67,Ba8Ga18Ge28,-78.9
68,Ba8Ga18Ge28,-112.9
69,Ba8Ga18Ge28,-219
70,Ba8Ga18Ge28,-266
71,BaPbO3,-26
72,BaPbO3,-31.98
73,BaPbO3,-33.62
74,BaPbO3,-30.17
75,Bi1.2S1.2Ti2S4,-41.3
76,Bi1.2S1.2Ti2S4,-54.85
77,Bi1.2S1.2Ti2S4,-89.12
78,Bi2Ru2O7,-1.64
79,Bi2Ru2O7,5.38
80,Bi2Ru2O7,12.43
81,Bi2Sr2Co2O8,108.88
82,Bi2Sr2Co2O8,120
83,Bi2Sr2Co2O8,171.43
84,Bi2Sr2Co2O8,293.62
85,Bi2Te3,-174
86,Bi2Te3,162
87,Bi83Sb17,-7.52E+01
88,Bi83Sb17,-6.16E+01
89,Bi86Sb14,-8.13E+01
90,Bi86Sb14,-6.91E+01
91,Bi88Sb12,-8.53E+01
92,Bi88Sb12,-7.29E+01
93,Bi90Sb10,-8.08E+01
94,Bi90Sb10,-6.85E+01
95,Bi92Sb8,-8.13E+01
96,Bi92Sb8,-6.93E+01
97,Ca0.7Ho0.3MnO3,-43.69
98,Ca0.7Ho0.3MnO3,-45.05
99,Ca0.7Ho0.3MnO3,-50.98
100,Ca0.7Ho0.3MnO3,-64.7
101,Ca0.7Tb0.3MnO3,-46.31
102,Ca0.7Tb0.3MnO3,-44.36
103,Ca0.7Tb0.3MnO3,-55.34
104,Ca0.7Tb0.3MnO3,-68.2
105,Ca0.7Y0.3MnO3,-41.61
106,Ca0.7Y0.3MnO3,-41.63
107,Ca0.7Y0.3MnO3,-52.45
108,Ca0.7Y0.3MnO3,-60.8
109,Ca0.92La0.08MnO3,-83.24
110,Ca0.92La0.08MnO3,-83.24
111,Ca0.92La0.08MnO3,-118.46
112,Ca0.92La0.08MnO3,-140.88
113,Ca0.94La0.06MnO3,-103.74
114,Ca0.94La0.06MnO3,-103.74
115,Ca0.94La0.06MnO3,-127.43
116,Ca0.94La0.06MnO3,-135.75
117,Ca0.96Bi0.04Mn0.96Nb0.04O3,-91.19
118,Ca0.96Bi0.04Mn0.96Nb0.04O3,-114.15
119,Ca0.96Bi0.04Mn0.96Nb0.04O3,-164.08
120,Ca0.96La0.04MnO3,-123.59
121,Ca0.96La0.04MnO3,-123.59
122,Ca0.96La0.04MnO3,-173.53
123,Ca0.96La0.04MnO3,-160.09
124,Ca0.96Sm0.04MnO3,-139.46
125,Ca0.96Sm0.04MnO3,-169.85
126,Ca0.96Sm0.04MnO3,-187.5
127,Ca0.98Bi0.02Mn0.98Nb0.02O3,-100.04
128,Ca0.98Bi0.02Mn0.98Nb0.02O3,-119.21
129,Ca0.98Bi0.02Mn0.98Nb0.02O3,-184.31
130,Ca0.98Bi0.02Mn0.98Nb0.02O3,-205.16
131,Ca0.98La0.02MnO3,-201.71
132,Ca0.98La0.02MnO3,-201.71
133,Ca0.98La0.02MnO3,-224.12
134,Ca0.98La0.02MnO3,-190.18
135,Ca0.9Bi0.1Mn0.9Nb0.1O3,-72.23
136,Ca0.9Bi0.1Mn0.9Nb0.1O3,-72.44
137,Ca0.9Bi0.1Mn0.9Nb0.1O3,-80.65
138,Ca0.9Bi0.1Mn0.9Nb0.1O3,-92.67
139,Ca0.9Bi0.1Mn0.9Nb0.1O3,-172.3
140,Ca0.9Bi0.1MnO3,-82.6524
141,Ca0.9Bi0.1MnO3,-100.786
142,Ca0.9Bi0.1MnO3,-119.707
143,Ca0.9Bi0.1MnO3,-96.0071
144,Ca0.9Ce0.1MnO3,-49.1829
145,Ca0.9Ce0.1MnO3,-55.3822
146,Ca0.9Ce0.1MnO3,-59.9632
147,Ca0.9Ce0.1MnO3,-80.4739
148,Ca0.9Ho0.1MnO3,-72.01
149,Ca0.9Ho0.1MnO3,-90.28
150,Ca0.9Ho0.1MnO3,-81.79
151,Ca0.9Ho0.1MnO3,-123.85
152,Ca0.9Ho0.1MnO3,-101.47
153,Ca0.9Ho0.1MnO3,-130.04
154,Ca0.9Ho0.1MnO3,-114.58
155,Ca0.9In0.1MnO3,-348.389
156,Ca0.9In0.1MnO3,-356.591
157,Ca0.9In0.1MnO3,-410.971
158,Ca0.9In0.1MnO3,-234.678
159,Ca0.9La0.1MnO3,-93.0096
160,Ca0.9La0.1MnO3,-98.403
161,Ca0.9La0.1MnO3,-116.934
162,Ca0.9La0.1MnO3,-88.437
163,Ca0.9Nd0.1MnO3,-90.28
164,Ca0.9Nd0.1MnO3,-123.85
165,Ca0.9Nd0.1MnO3,-130.04
166,Ca0.9Pb0.1MnO3,-274.285
167,Ca0.9Pb0.1MnO3,-266.152
168,Ca0.9Pb0.1MnO3,-277.092
169,Ca0.9Pb0.1MnO3,-114.746
170,Ca0.9Sb0.1MnO3,-69.9028
171,Ca0.9Sb0.1MnO3,-70.9189
172,Ca0.9Sb0.1MnO3,-81.0778
173,Ca0.9Sb0.1MnO3,-70.1149
174,Ca0.9Sm0.1MnO3,-102.175
175,Ca0.9Sm0.1MnO3,-105.968
176,Ca0.9Sm0.1MnO3,-146.796
177,Ca0.9Sm0.1MnO3,-122.707
178,Ca0.9Sn0.1MnO3,-283.848
179,Ca0.9Sn0.1MnO3,-281.694
180,Ca0.9Sn0.1MnO3,-255.18
181,Ca0.9Sn0.1MnO3,-145.433
182,Ca0.9Tb0.1MnO3,-74.98
183,Ca0.9Tb0.1MnO3,-90.28
184,Ca0.9Tb0.1MnO3,-93.82
185,Ca0.9Tb0.1MnO3,-123.85
186,Ca0.9Tb0.1MnO3,-124.55
187,Ca0.9Tb0.1MnO3,-130.04
188,Ca0.9Tb0.1MnO3,-152.37
189,Ca0.9Y0.1MnO3,-70.53
190,Ca0.9Y0.1MnO3,-86.6384
191,Ca0.9Y0.1MnO3,-81.71
192,Ca0.9Y0.1MnO3,-91.2314
193,Ca0.9Y0.1MnO3,-112.78
194,Ca0.9Y0.1MnO3,-102.587
195,Ca0.9Y0.1MnO3,-135.59
196,Ca0.9Y0.1MnO3,-107.567
197,Ca0.9Yb0.1MnO3,-90.28
198,Ca0.9Yb0.1MnO3,-123.85
199,Ca0.9Yb0.1MnO3,-130.04
200,Ca2.4Na0.3Bi0.3Co4O9,132
201,Ca2.4Na0.3Bi0.3Co4O9,144.6
202,Ca2.4Na0.3Bi0.3Co4O9,173
203,Ca2.4Na0.3Bi0.3Co4O9,205
204,Ca2.7Bi0.3Co4O9,135.4
205,Ca2.7Bi0.3Co4O9,140.8
206,Ca2.7Bi0.3Co4O9,169
207,Ca2.7Bi0.3Co4O9,196.8
208,Ca2.7Na0.3Co4O9,117
209,Ca2.7Na0.3Co4O9,125.6
210,Ca2.7Na0.3Co4O9,153.6
211,Ca2.7Na0.3Co4O9,184
212,Ca2.85Na0.15AlSb3,112.6
213,Ca2.85Na0.15AlSb3,152
214,Ca2.85Na0.15AlSb3,215
215,Ca2.85Na0.15AlSb3,243
216,Ca2.94Na0.06AlSb3,81.5
217,Ca2.94Na0.06AlSb3,150
218,Ca2.94Na0.06AlSb3,233
219,Ca2.94Na0.06AlSb3,262
220,Ca2.97Na0.03AlSb3,90
221,Ca2.97Na0.03AlSb3,164.8
222,Ca2.97Na0.03AlSb3,248
223,Ca2.97Na0.03AlSb3,287.5
224,Ca2Co2O5,135.09
225,Ca2Co2O5,142.36
226,Ca2Co2O5,173.46
227,Ca2Co2O5,207.27
228,Ca3AlSb3,165
229,Ca3AlSb3,315.9
230,Ca3AlSb3,411.8
231,Ca3AlSb3,265.4
232,Ca3Co4O9,117
233,Ca3Co4O9,125.5
234,Ca3Co4O9,50.1234
235,Ca3Co4O9,121
236,Ca3Co4O9,152
237,Ca3Co4O9,58.0016
238,Ca3Co4O9,147
239,Ca3Co4O9,197
240,Ca3Co4O9,84.2826
241,Ca3Co4O9,177
242,Ca3Co4O9,245
243,Ca3Co4O9,118.607
244,Ca4.75Na0.25Al2Sb6,142.7
245,Ca4.75Na0.25Al2Sb6,161
246,Ca4.75Na0.25Al2Sb6,200.8
247,Ca4.75Na0.25Al2Sb6,207
248,Ca4.95Na0.05Al2Sb6,193
249,Ca4.95Na0.05Al2Sb6,219.9
250,Ca4.95Na0.05Al2Sb6,261.7
251,Ca5Al2Sb6,470
252,Ca5Al2Sb6,463
253,Ca5Al2Sb6,390
254,CaGd0.94Mn0.06O3,-104.27
255,CaGd0.94Mn0.06O3,-118.52
256,CaGd0.94Mn0.06O3,-144.73
257,CaGd0.94Mn0.06O3,-144.73
258,CaGd0.96Mn0.04O3,-162.39
259,CaGd0.96Mn0.04O3,-163.53
260,CaGd0.96Mn0.04O3,-172.65
261,CaGd0.96Mn0.04O3,-172.65
262,CaGd0.98Mn0.02O3,-211.97
263,CaGd0.98Mn0.02O3,-215.39
264,CaGd0.98Mn0.02O3,-227.92
265,CaGd0.98Mn0.02O3,-235.33
266,CaMn0.82Ru0.18O3,-35.67
267,CaMn0.82Ru0.18O3,-55.87
268,CaMn0.82Ru0.18O3,-67.87
269,CaMn0.94Ru0.06O3,-101.6
270,CaMn0.94Ru0.06O3,-122.22
271,CaMn0.94Ru0.06O3,-144.55
272,CaMn0.96Ru0.04O3,-119.99
273,CaMn0.96Ru0.04O3,-137.22
274,CaMn0.96Ru0.04O3,-152.89
275,CaMn0.98Nb0.02O3,-180
276,CaMn0.98Nb0.02O3,-203.88
277,CaMn0.98Nb0.02O3,-234.57
278,CaMn0.98Nb0.02O3,-248.22
279,CaMn0.98Ru0.02O3,-153.66
280,CaMn0.98Ru0.02O3,-195.78
281,CaMn0.98Ru0.02O3,-213.72
282,CaMn0.9Ru0.1O3,-60.57
283,CaMn0.9Ru0.1O3,-81.62
284,CaMn0.9Ru0.1O3,-101.82
285,CaMn6.5Cu0.5O12,32.5598
286,CaMn6.5Cu0.5O12,9.29006
287,CaMn6.5Cu0.5O12,-15.3459
288,CaMn6.5Cu0.5O12,-24.3591
289,CaMn6CuO12,-13.1349
290,CaMn6CuO12,-19.922
291,CaMn6CuO12,-27.3305
292,CaMn6CuO12,-30.2012
293,CaMn7O12,8.02541
294,CaMn7O12,-20.1644
295,CaMnO3,-572.04
296,CaMnO3,-462.97
297,CaMnO3,-476.683
298,CaMnO3,-650.91
299,CaMnO3,-357.564
300,CaMnO3,-549.12
301,CaMnO3,-462.97
302,CaMnO3,-600.16
303,CaMnO3,-460.992
304,CaMnO3,-587.185
305,CaMnO3,-477.48
306,CaMnO3,-470.65
307,CaMnO3,-374.8
308,CaMnO3,-332.067
309,CaMnO3,-362.325
310,CaMnO3,-406.81
311,CaMnO3,-279.83
312,CaMnO3,-320.53
313,CaMnO3,-192.833
314,CaMnO3,-282.213
315,CaYb0.05Mn0.95O3,-109.244
316,CaYb0.05Mn0.95O3,-124.72
317,CaYb0.05Mn0.95O3,-168.417
318,CaYb0.05Mn0.95O3,-244.888
319,CaYb0.15Mn0.85O3,-38.2353
320,CaYb0.15Mn0.85O3,-49.1597
321,CaYb0.15Mn0.85O3,-60.9944
322,CaYb0.15Mn0.85O3,-101.05
323,CaYb0.1Mn0.9O3,-52.8011
324,CaYb0.1Mn0.9O3,-60.084
325,CaYb0.1Mn0.9O3,-84.6639
326,CaYb0.1Mn0.9O3,-128.361
327,CaYb0.4Mn0.6O3,-9.10364
328,CaYb0.4Mn0.6O3,-20.028
329,CaYb0.4Mn0.6O3,-50.9804
330,CaYb0.4Mn0.6O3,-25.4902
331,CeFe1.5Co2.5Sb12,16.3458
332,CeFe1.5Co2.5Sb12,12.0057
333,CeFe1.5Co2.5Sb12,-35.5636
334,CeFe1.5Co2.5Sb12,-89.9103
335,CeFe2.5Co1.5Sb12,104.331
336,CeFe2.5Co1.5Sb12,123.077
337,CeFe2.5Co1.5Sb12,162.016
338,CeFe2.5Co1.5Sb12,189.903
339,CeFe2Co2Sb12,126
340,CeFe2Co2Sb12,107.699
341,CeFe2Co2Sb12,154
342,CeFe2Co2Sb12,134.608
343,CeFe2Co2Sb12,166
344,CeFe2Co2Sb12,163.937
345,CeFe2Co2Sb12,117.784
346,CeFe3.5Co0.5Sb12,87.2
347,CeFe3.5Co0.5Sb13,107
348,CeFe3.5Co0.5Sb14,158
349,CeFe3CoSb12,101
350,CeFe3CoSb12,86.5388
351,CeFe3CoSb12,127
352,CeFe3CoSb12,107.702
353,CeFe3CoSb12,176
354,CeFe3CoSb12,149.997
355,CeFe3CoSb12,176.441
356,CeFe4Sb12,58.2
357,CeFe4Sb12,68.2676
358,CeFe4Sb12,75.7
359,CeFe4Sb12,87.0227
360,CeFe4Sb12,127
361,CeFe4Sb12,128.846
362,CeFe4Sb12,156.737
363,CeFeCo3Sb12,-87.0125
364,CeFeCo3Sb12,-102.424
365,CeFeCo3Sb12,-140.861
366,CeFeCo3Sb12,-138.009
367,Cr1.3Mo6S8,21.5075
368,Cr1.3Mo6S8,27.071
369,Cr1.3Mo6S8,51.22
370,Cr1.3Mo6S8,69.9615
371,CsBi4Te6,105.3
372,Cu1.98Se,62.4
373,Cu1.98Se,64.2
374,Cu1.98Se,129
375,Cu1.98Se,201.5
376,Cu2Se,90
377,Cu2Se,107
378,Cu2Se,201
379,Cu2Se,297
380,Cu4.0Mo6S8,47.8006
381,Cu4.0Mo6S8,61.5689
382,Cu4.0Mo6S8,105.3
383,Cu4.0Mo6S8,132.993
384,CuCr0.95Mg0.05O2,208.131
385,CuCr0.95Mg0.05O2,241.265
386,CuCr0.95Mg0.05O2,281.605
387,CuCr0.95Mg0.05O2,325.387
388,CuCr0.96Mg0.04O2,196.762
389,CuCr0.96Mg0.04O2,225.369
390,CuCr0.96Mg0.04O2,270.256
391,CuCr0.96Mg0.04O2,303.784
392,CuCr0.97Mg0.03O2,199.047
393,CuCr0.97Mg0.03O2,241.278
394,CuCr0.97Mg0.03O2,289.576
395,CuCr0.97Mg0.03O2,325.374
396,CuCr0.98Mg0.02O2,311.548
397,CuCr0.98Mg0.02O2,300
398,CuCr0.98Mg0.02O2,332.182
399,CuCr0.98Mg0.02O2,321.429
400,CuCr0.98Mg0.02O2,367.981
401,CuCr0.98Mg0.02O2,351.827
402,CuCr0.98Mg0.02O2,354.817
403,CuCr0.98Mg0.02O2,403.782
404,CuCr0.99Mg0.01O2,525.19
405,CuCr0.99Mg0.01O2,444.688
406,CuCr0.99Mg0.01O2,428.212
407,CuCr0.99Mg0.01O2,445.826
408,CuCrO2,1235.43
409,CuCrO2,916.284
410,CuCrO2,633.893
411,CuCrO2,617.422
412,CuFe0.9Cr0.1O2,277.076
413,CuFe0.9Cr0.1O2,299.003
414,CuFe0.9Cr0.1O2,321.429
415,CuFe0.9Cr0.1O2,324.917
416,CuRh0.6Mg0.4O2,168.2
417,CuRh0.96Mg0.04O2,174.4
418,CuRh0.96Mg0.04O2,187.8
419,CuRh0.96Mg0.04O2,232
420,CuRh0.96Mg0.04O2,271
421,CuRh0.99Mg0.01O2,261
422,CuRh0.99Mg0.01O2,259
423,CuRh0.99Mg0.01O2,283
424,CuRh0.99Mg0.01O2,315
425,CuRh0.9Mg0.1O2,97.6744
426,CuRh0.9Mg0.1O2,99.7
427,CuRh0.9Mg0.1O2,138.814
428,CuRh0.9Mg0.1O2,115
429,CuRh0.9Mg0.1O2,115.116
430,CuRh0.9Mg0.1O2,153.007
431,CuRh0.9Mg0.1O2,145.515
432,CuRh0.9Mg0.1O2,144.9
433,CuRh0.9Mg0.1O2,203.027
434,CuRh0.9Mg0.1O2,167.94
435,CuRh0.9Mg0.1O2,265.993
436,CuRhO2,294.8
437,CuRhO2,275.3
438,CuRhO2,292.4
439,CuRhO2,317
440,Fe0.978Co0.00196Si1.96Y0.04O0.06,-318
441,Fe0.978Co0.00196Si1.96Y0.04O0.06,-327
442,Fe0.978Co0.00196Si1.96Y0.04O0.06,-287
443,Fe0.978Co0.00196Si1.96Y0.04O0.06,-100.8
444,Fe0.978Co0.00196Si1.96Y0.12O0.18,-226
445,Fe0.978Co0.00196Si1.96Y0.12O0.18,-227
446,Fe0.978Co0.00196Si1.96Y0.12O0.18,-222
447,Fe0.978Co0.00196Si1.96Y0.12O0.18,-68
448,Fe0.998Co0.002Si2,-191
449,Fe0.998Co0.002Si2,-183
450,Fe0.998Co0.002Si2,-180.6
451,Fe0.998Co0.002Si2,-87.3
452,Fe1.3Mo6S8,22.6264
453,Fe1.3Mo6S8,28.1894
454,Fe1.3Mo6S8,45.2526
455,Fe1.3Mo6S8,53.9242
456,Fe1.94Ti0.06O3,-335.01
457,Fe1.94Ti0.06O3,-308.72
458,Fe1.94Ti0.06O3,-292.02
459,Fe1.94Ti0.06O3,-294.72
460,Fe1.96Sn0.04O3,-364.5
461,Fe1.96Sn0.04O3,-335.5
462,Fe1.96Sn0.04O3,-317.81
463,Fe1.96Sn0.04O3,-323.46
464,Fe1.96Ti0.04O3,-366.46
465,Fe1.96Ti0.04O3,-343.86
466,Fe1.96Ti0.04O3,-322.97
467,Fe1.96Ti0.04O3,-328.38
468,Fe1.98Sn0.02O3,-427.64
469,Fe1.98Sn0.02O3,-413.39
470,Fe1.98Sn0.02O3,-373.83
471,Fe1.98Sn0.02O3,-374.57
472,Fe1.98Ti0.02O3,-413.39
473,Fe1.98Ti0.02O3,-402.83
474,Fe1.98Ti0.02O3,-370.39
475,Fe1.98Ti0.02O3,-371.87
476,In0.05Co4Sb12,-279.86
477,In0.05Co4Sb12,-295.57
478,In0.05Co4Sb12,-334.67
479,In0.15Co4Sb12,-246.59
480,In0.15Co4Sb12,-266.33
481,In0.15Co4Sb12,-301.53
482,In0.1Co4Sb12,-257.3
483,In0.1Co4Sb12,-276.16
484,In0.1Co4Sb12,-309.85
485,In0.25Co4Sb12,-217.11
486,In0.25Co4Sb12,-247.94
487,In0.25Co4Sb12,-275.7
488,In0.2Co4Sb12,-192.21
489,In0.2Co4Sb12,-222.15
490,In0.2Co4Sb12,-248.19
491,In0.2Co4Sb12,-214.39
492,In0.2Co4Sb12,-281.75
493,In0.2Co4Sb12,-247.54
494,In0.3Co4Sb12,-211.82
495,In0.3Co4Sb12,-247.31
496,In0.3Co4Sb12,-278.47
497,In1.8Ge0.2O3,-52.3343
498,In1.8Ge0.2O3,-64.0245
499,In1.8Ge0.2O3,-86.4
500,In1.8Ge0.2O3,-110.012
501,In1.94Ge0.06O3,-50.7871
502,In1.94Ge0.06O3,-60.6186
503,In1.94Ge0.06O3,-88.5677
504,In1.94Ge0.06O3,-114.967
505,In1.985Ge0.015O3,-46.7607
506,In1.985Ge0.015O3,-56.5928
507,In1.985Ge0.015O3,-83.3032
508,In1.985Ge0.015O3,-108.464
509,In1.994Ge0.006O3,-50.4768
510,In1.994Ge0.006O3,-62.4767
511,In1.994Ge0.006O3,-94.1419
512,In1.994Ge0.006O3,-119.305
513,In1.998Ge0.002O3,-88.5671
514,In1.998Ge0.002O3,-105.832
515,In1.998Ge0.002O3,-146.168
516,In1.998Ge0.002O3,-177.832
517,In1.9Ge0.1O3,-53.2639
518,In1.9Ge0.1O3,-65.5729
519,In1.9Ge0.1O3,-93.2129
520,In1.9Ge0.1O3,-117.444
521,In2O3,-156.078
522,In2O3,-172.722
523,In2O3,-202.219
524,In2O3,-222.736
525,K2Bi8Se13,-196.16
526,K2Bi8Se13,-219.62
527,KBi6.33S10,-25
528,La0.05Ca2.85Co3.8O8.55,62.1344
529,La0.05Ca2.85Co3.8O8.55,70.013
530,La0.05Ca2.85Co3.8O8.55,88.58
531,La0.05Ca2.85Co3.8O8.55,123.896
532,La0.3Ca2.7Co4O9,59.7107
533,La0.3Ca2.7Co4O9,68.4692
534,La0.3Ca2.7Co4O9,92.437
535,La0.3Ca2.7Co4O9,126.87
536,La0.45Ca2.55Co4O9,65.3296
537,La0.45Ca2.55Co4O9,73.0975
538,La0.45Ca2.55Co4O9,95.0781
539,La0.45Ca2.55Co4O9,131.717
540,La0.8Sr0.2CoO3,21.32
541,La0.8Sr0.2CoO3,17.6
542,La0.8Sr0.2CoO3,10.17
543,La0.8Sr0.2CoO3,5.52
544,La0.95Sr0.05CoO3,214.7
545,La0.95Sr0.05CoO3,129
546,La0.95Sr0.05CoO3,25.04
547,La0.95Sr0.05CoO3,14.8
548,La0.98Sr0.02CoO3,330
549,La0.98Sr0.02CoO3,243.5
550,La0.98Sr0.02CoO3,28.76
551,La0.98Sr0.02CoO3,17.6
552,La0.99Sr0.01CoO3,395
553,La0.99Sr0.01CoO3,304
554,La0.99Sr0.01CoO3,32.48
555,La0.99Sr0.01CoO3,18.56
556,La0.9Bi0.1NiO3,-20.95
557,La0.9Bi0.1NiO3,-28.46
558,La0.9Bi0.1NiO3,-30.79
559,La1.61Sr0.39Cu0.94Ti0.06O4,130
560,La1.67Sr0.34Cu0.94Ti0.06O4,6.3
561,La1.69Sr0.31Cu0.94Ti0.06O4,5
562,La1.725Sr0.28CuO4,0.5
563,La1.725Sr0.28CuO4,0.1
564,La1.725Sr0.28CuO4,0.1
565,La1.725Sr0.28CuO4,0.1
566,La1.73Sr0.27Cu0.94Ti0.06O4,20
567,La1.85Sr0.15Cu0.94Ti0.06O4,200
568,La1.85Sr0.15CuO4,25
569,La1.85Sr0.15CuO4,20
570,La1.85Sr0.15CuO4,2
571,La1.85Sr0.15CuO4,1
572,La1.95Sr0.05CuO4,149.91
573,La1.95Sr0.05CuO4,140
574,La1.95Sr0.05CuO4,120
575,La1.95Sr0.05CuO4,100
576,La1.9Sr0.1CuO4,54.72
577,La1.9Sr0.1CuO4,50
578,La1.9Sr0.1CuO4,40
579,La1.9Sr0.1CuO4,30
580,La2.74Te4,-41
581,La2.74Te4,-89
582,La2.74Te4,-159
583,La2.74Te4,-215
584,La2.99Te4,-40.87
585,La2.99Te4,-41.6
586,La2.99Te4,-57.6
587,La2.99Te4,-74.7
588,La2CuO4,217.6
589,La3Te3.35Bi0.65,-71
590,La3Te3.35Bi0.65,-69.5
591,La3Te3.35Bi0.65,-130.6
592,La3Te3.35Bi0.65,-185.2
593,La3Te3.35Sb0.65,-91
594,La3Te3.35Sb0.65,-89.9
595,La3Te3.35Sb0.65,-159.3
596,La3Te3.35Sb0.65,-221.2
597,La3Te3.65Sb0.35,-53
598,La3Te3.65Sb0.35,-58
599,La3Te3.65Sb0.35,-87.2
600,La3Te3.65Sb0.35,-117.3
601,La3Te3.8Sb0.2,-45
602,La3Te3.8Sb0.2,-46.6
603,La3Te3.8Sb0.2,-67.6
604,La3Te3.8Sb0.2,-87.8
605,LaCoO3,-390
606,LaCoO3,140.3
607,LaCoO3,28.76
608,LaCoO3,15.7
609,LaFe3CoSb12,108.391
610,LaFe3CoSb12,142.661
611,LaFe3CoSb12,210.479
612,LaNiO3,-19.88
613,LaNiO3,-25.76
614,LaNiO3,-27.03
615,Li0.0024Ni0.9976O,294.97
616,Li0.0024Ni0.9976O,249.75
617,Li0.0024Ni0.9976O,262.41
618,Li0.0066Ni0.9944O,249.37
619,Li0.0066Ni0.9944O,200.39
620,Li0.0066Ni0.9944O,206.66
621,Li0.0184Ni0.9816O,116.91
622,Li0.0184Ni0.9816O,97.88
623,Li0.0184Ni0.9816O,105.17
624,Li0.0242Ni0.9758O,102.59
625,Li0.0242Ni0.9758O,77.37
626,Li0.0242Ni0.9758O,79.49
627,LiMn2O4,-175.031
628,LiMn2O4,-55.6808
629,LiMn2O4,-45.9919
630,LiMn2O4,-147
631,LiMn2O4,-30.1768
632,LiMn2O4,-100.68
633,LiMn2O4,-19.4145
634,LiMn2O4,-84.81
635,Mg1.95Ca0.05Si,-74.8
636,Mg1.95Ca0.05Si,-94.8
637,Mg1.95Ca0.05Si,-153
638,Mg1.9Ca0.1Si,-61
639,Mg1.9Ca0.1Si,-74
640,Mg1.9Ca0.1Si,-130
641,Mg2Si,-89
642,Mg2Si,-178
643,Mg2Si,-189
644,Mg2Si,-205
645,Mg2Si,-267
646,Mg2Si,-282.6
647,Mg2Si0.6Ge0.4Ag0.02,30.42
648,Mg2Si0.6Ge0.4Ag0.02,157.9
649,Mg2Si0.6Ge0.4Ag0.02,318.8
650,Mg2Si0.6Ge0.4Ag0.02,224
651,Mg2Si0.6Ge0.4Bi0.02,-83
652,Mg2Si0.6Ge0.4Bi0.02,-117.5
653,Mg2Si0.6Ge0.4Bi0.02,-176.2
654,Mg2Si0.6Ge0.4Bi0.02,-187.7
655,Mg2Si0.98Ag0.02,26
656,Mg2Si0.98Ag0.02,178
657,Mg2Si0.98Ag0.02,149
658,Mg2Si0.98Ag0.02,192
659,Mg2Si0.98Bi0.02,-82.9
660,Mg2Si0.98Bi0.02,-110.3
661,Mg2Si0.98Bi0.02,-174.9
662,Mg2Si0.98Bi0.02,-212.3
663,Mg2Si0.993Bi0.007,-78.6
664,Mg2Si0.993Bi0.007,-125
665,Mg2Si0.994Bi0.006,-61
666,Mg2Si0.995Bi0.005,-67.7
667,Mg2Si0.995Bi0.005,-83.5
668,Mg2Si0.995Bi0.005,-121.2
669,Mg2Si0.997Bi0.003,-76.6
670,Mg2Si0.997Bi0.003,-101
671,Mg2Si0.997Bi0.003,-153
672,Mg2Si0.9985Bi0.0015,-107
673,Mg2Si0.9985Bi0.0015,-149
674,Mg2Si0.9985Bi0.0015,-217
675,Mg2Si0.999Bi0.001,-151
676,Mg2Si0.999Bi0.001,-164.4
677,Mg2Si0.999Bi0.001,-231
678,Mn1.3Mo6S8,27.2882
679,Mn1.3Mo6S8,30.9869
680,Mn1.3Mo6S8,47.6766
681,Mn1.3Mo6S8,57.4673
682,Mo3Te4,4.08735
683,Mo3Te4,7.50989
684,Mo3Te4,16.5599
685,Mo3Te4,23.9118
686,Mo6Te6S2,6.30124
687,Mo6Te6S2,8.06322
688,Mo6Te6S2,11.6892
689,Mo6Te6S2,14.6136
690,Mo6Te7S,3.34933
691,Mo6Te7S,5.48011
692,Mo6Te7S,13.9768
693,Mo6Te7S,21.1078
694,Na0.02PbTe,62.38
695,Na0.02PbTe,105
696,Na0.02PbTe,212.86
697,Na0.02PbTe0.75Se0.25,58.81
698,Na0.02PbTe0.75Se0.25,89.76
699,Na0.02PbTe0.75Se0.25,205.24
700,Na0.02PbTe0.75Se0.25,197
701,Na0.02PbTe0.85Se0.15,50.95
702,Na0.02PbTe0.85Se0.15,98.33
703,Na0.02PbTe0.85Se0.15,209.05
704,Na0.02PbTe0.85Se0.15,204
705,NaCo2O4,104
706,NaCo2O4,8.19E+01
707,NaCo2O4,118
708,NaCo2O4,98
709,NaCo2O4,161
710,NaCo2O4,146
711,NaCo2O4,175
712,NaCo2O4,200
713,NbCo1.05Sn,-163.441
714,NbCo1.05Sn,-185.373
715,NbCo1.05Sn,-236.772
716,NbCo1.05Sn,-250.86
717,NbCo1.10Sn,-130.766
718,NbCo1.10Sn,-151.928
719,NbCo1.10Sn,-189.172
720,NbCo1.10Sn,-199.4
721,NbCo2Sn,-18.17146
722,NbCoSn,-119.188
723,NbCoSn,-137.005
724,NbCoSn,-168.074
725,NbCoSn,-177.53
726,Nd1.4Bi0.6Ru2O7,23.09
727,Nd1.4Bi0.6Ru2O7,32.45
728,Nd1.4Bi0.6Ru2O7,39.96
729,Nd2Cu0.98Ni0.02O4,-249.39
730,Nd2Cu0.98Ni0.02O4,-182.68
731,Nd2Cu0.98Ni0.02O4,-98.5
732,Nd2Cu0.98Ni0.02O4,-82.67
733,Nd2Cu0.98Zn0.02O4,-343.22
734,Nd2Cu0.98Zn0.02O4,-294.38
735,Nd2Cu0.98Zn0.02O4,-175.63
736,Nd2Cu0.98Zn0.02O4,-63.68
737,Nd2CuO4,-752.2
738,Nd2CuO4,-618.43
739,Nd2CuO4,-99.7
740,Nd2CuO4,26.27
741,Nd2Ru2O7,173.9
742,Nd2Ru2O7,210
743,Nd2Ru2O7,59.3
744,Nd2Ru2O7,40
745,Nd2Ru2O7,22
746,Nd2Ru2O7,22.7
747,Nd2Ru2O7,26.5
748,NdBiRu2O7,21.17
749,NdBiRu2O7,30.25
750,NdBiRu2O7,35.44
751,Ni0.02Zn0.98O,-206.81
752,Ni0.02Zn0.98O,-204.62
753,Ni0.02Zn0.98O,-229.87
754,Ni2.0Mo6S8,8.26675
755,Ni2.0Mo6S8,9.16846
756,Ni2.0Mo6S8,20.8232
757,Ni2.0Mo6S8,33.2249
758,NiO,483.47
759,NiO,642.62
760,Pb0.96Sr0.4TeNa0.2,81
761,Pb0.96Sr0.4TeNa0.2,128
762,Pb0.96Sr0.4TeNa0.2,239
763,Pb0.96Sr0.4TeNa0.2,265
764,Pb0.98Sr0.2TeNa0.1,68
765,Pb0.98Sr0.2TeNa0.1,117
766,Pb0.98Sr0.2TeNa0.1,263
767,Pb0.98TeNa0.2,64
768,Pb0.98TeNa0.2,105
769,Pb0.98TeNa0.2,236
770,Pb1.8S1.8Ti2S4,-50.8
771,Pb1.8S1.8Ti2S4,-70.8
772,Pb1.8S1.8Ti2S4,-128.9
773,Pr0.5Ca0.5MnO3,-22.2738
774,Pr0.5Ca0.5MnO3,-22.7685
775,Pr0.5Ca0.5MnO3,-23.4352
776,Pr0.5Ca0.5MnO3,-23.7587
777,Sb0.005I0.015Cs0.995Bi3.98Te5.97,154.2
778,Sb2Te3,38
779,Sb2Te3,63
780,Si0.7956Ge0.1989P0.0055,-122.807
781,Si0.7956Ge0.1989P0.0055,-150.045
782,Si0.7956Ge0.1989P0.0055,-230.877
783,Si0.7956Ge0.1989P0.0055,-281.446
784,Si0.79936Ge0.19984B0.0008,127.631
785,Si0.79936Ge0.19984B0.0008,151.36
786,Si0.79936Ge0.19984B0.0008,209.823
787,Si0.79936Ge0.19984B0.0008,248.114
788,Si0.8Ge0.2,120.75
789,Si0.8Ge0.2,137
790,Si0.8Ge0.2,138.43
791,Si0.8Ge0.2,161
792,Si0.8Ge0.2,218.3
793,Si0.8Ge0.2,191.49
794,Si0.8Ge0.2,254
795,Si0.8Ge0.2,231.64
796,Si0.9Ge0.1,169
797,Si0.9Ge0.1,192
798,Si0.9Ge0.1,242
799,Si0.9Ge0.1,273
800,Sm0.5Ca0.5MnO3,-32.5663
801,Sm1.7Ca0.3MnO3,69.4361
802,Sn1.2S1.2Ti2S4,-64.8
803,Sn1.2S1.2Ti2S4,-88.8
804,Sn1.2S1.2Ti2S4,-140.8
805,Sr0.145Ga0.302Ge0.553,-320
806,Sr0.146Ga0.285Ge0.569,-128
807,Sr0.147Ga0.298Ge0.555,-154
808,Sr0.61Ba0.39Nb2O6,-186
809,Sr0.61Ba0.39Nb2O6,-220
810,Sr0.61Ba0.39Nb2O6,-92.4
811,Sr0.61Ba0.39Nb2O6,-194
812,Sr0.61Ba0.39Nb2O6,-220
813,Sr0.61Ba0.39Nb2O6,-216
814,Sr0.61Ba0.39Nb2O6,-201
815,Sr0.8La0.2TiO3,-53.7
816,Sr0.8La0.2TiO3,-64.7
817,Sr0.8La0.2TiO3,-113
818,Sr0.8La0.2TiO3,-158
819,Sr0.95La0.05TiO3,-167
820,Sr0.95La0.05TiO3,-188
821,Sr0.95La0.05TiO3,-251
822,Sr0.95La0.05TiO3,-285
823,Sr0.9La0.1TiO3,-97.6
824,Sr0.9La0.1TiO3,-115
825,Sr0.9La0.1TiO3,-179
826,Sr0.9La0.1TiO3,-221
827,Sr0.9Y0.1TiO3,-92.5
828,Sr0.9Y0.1TiO3,-119.5
829,Sr0.9Y0.1TiO3,-185.3
830,Sr0.9Y0.1TiO3,-228
831,Sr1.6La0.4Nb2O7,-107
832,Sr2Ti0.8Nb0.2O4,-53.6
833,Sr2Ti0.8Nb0.2O4,-67.6
834,Sr2Ti0.8Nb0.2O4,-110.3
835,Sr2Ti0.8Nb0.2O4,-167
836,Sr3Ti1.6Nb0.4O7,-42.4
837,Sr3Ti1.6Nb0.4O7,-57.16
838,Sr3Ti1.6Nb0.4O7,-98.3
839,Sr3Ti1.6Nb0.4O7,-158
840,Sr4.5Nb4.5O15.5,-19
841,Sr8Ga16Ge30,-71.9
842,Sr8Ga16Ge30,-94.9
843,Sr8Ga16Ge30,-139
844,SrDy0.08Ti0.92O3,-49.7
845,SrDy0.08Ti0.92O3,-70.5
846,SrDy0.08Ti0.92O3,-147
847,SrDy0.08Ti0.92O3,-191.6
848,SrMn0.96Mo0.04O3,-110.28
849,SrMn0.96Mo0.04O3,-105.047
850,SrMn0.96Mo0.04O3,-88.5981
851,SrMn0.96Mo0.04O3,-74.3925
852,SrMn0.98Mo0.02O3,-80.5607
853,SrMn0.98Mo0.02O3,-73.8318
854,SrMn0.98Mo0.02O3,-58.3178
855,SrMn0.98Mo0.02O3,-40.1869
856,SrNb0.15Ti0.85O3,-39.5353
857,SrNb0.15Ti0.85O3,-47.5373
858,SrNb0.15Ti0.85O3,-99.982
859,SrNb0.15Ti0.85O3,-176.694
860,SrNd0.17Ti0.83O3,-32.5
861,SrNd0.17Ti0.83O3,-42.2
862,SrNd0.17Ti0.83O3,-96
863,SrNd0.17Ti0.83O3,-141.8
864,SrNd0.24Ti0.76O3,-22.6
865,SrNd0.24Ti0.76O3,-31.5
866,SrNd0.24Ti0.76O3,-80.7
867,SrNd0.24Ti0.76O3,-124
868,SrNd0.2Ti0.8O3,-34.4
869,SrNd0.2Ti0.8O3,-44.9
870,SrNd0.2Ti0.8O3,-94.4
871,SrNd0.2Ti0.8O3,-140
872,SrTi0.8Nb0.2O3,-52.14
873,SrTi0.8Nb0.2O3,-63.5492
874,SrTi0.8Nb0.2O3,-62.4
875,SrTi0.8Nb0.2O3,-76.9741
876,SrTi0.8Nb0.2O3,-110
877,SrTi0.8Nb0.2O3,-122.314
878,SrTi0.8Nb0.2O3,-164.9
879,SrTi0.8Nb0.2O3,-163.115
880,Ti0.95Nb0.05NiSn,-96.2097
881,Ti0.95Nb0.05NiSn,-110.94
882,Ti0.95Nb0.05NiSn,-146.063
883,Ti0.95Nb0.05NiSn,-142.549
884,Ti0.98Nb0.02NiSn,-139.982
885,Ti0.98Nb0.02NiSn,-158.575
886,Ti0.98Nb0.02NiSn,-188.543
887,Ti0.98Nb0.02NiSn,-174.312
888,Ti0.99Nb0.01NiSn,-177.319
889,Ti0.99Nb0.01NiSn,-192.458
890,Ti0.99Nb0.01NiSn,-211.295
891,Ti0.99Nb0.01NiSn,-172.594
892,TiNiSn,-271.305
893,TiNiSn,-200
894,TiNiSn,-295.891
895,TiNiSn,-245
896,TiNiSn,-255.058
897,TiNiSn,-233
898,TiNiSn,-159.717
899,TiNiSn,-155
900,Tl0.01Pb0.99Te,140.4
901,Tl0.01Pb0.99Te,201.46
902,Tl0.01Pb0.99Te,323.94
903,Tl0.02Pb0.98Te,136.17
904,Tl0.02Pb0.98Te,195.21
905,Tl0.02Pb0.98Te,327.66
906,Tl11.5Sb11.5Cu8Se27,220
907,Tl2Cu2SnTe4,345
908,Tl2GeTe5,285
909,Tl2SnTe5,163
910,Tl2SnTe5,145
911,Tl2SnTe5,219
912,Tl9BiTe6,256
913,Tl9BiTe6,337.9
914,TlCr5Se8,215
915,TlCr5Se8,240
916,TlCr5Se8,295
917,TlTiPS5,-160
918,W0.95O2.95Co0.1O0.15,103.223
919,W0.95O2.95Co0.1O0.15,106.01
920,W0.95O2.95Co0.1O0.15,120.122
921,W0.95O2.95Co0.1O0.15,125.61
922,W0.99O2.97Co0.02O0.03,92.5958
923,W0.99O2.97Co0.02O0.03,97.0383
924,W0.99O2.97Co0.02O0.03,113.502
925,W0.99O2.97Co0.02O0.03,113.937
926,W0.9O2.7Co0.2O0.3,103.833
927,W0.9O2.7Co0.2O0.3,105.575
928,W0.9O2.7Co0.2O0.3,121.603
929,W0.9O2.7Co0.2O0.3,124.216
934,WO2.722,-25.74
935,WO2.722,-25.21
936,WO2.722,-27.03
937,WO2.722,-33.86
938,WO2.9,-28.21
939,WO2.9,-31.41
940,WO2.9,-45.45
941,WO2.9,-66.47
942,WO3,97.9094
943,WO3,107.578
944,WO3,124.826
945,WO3,160.801
946,Y0.5Bi1.5Ru2O7,21.46
947,Y0.5Bi1.5Ru2O7,15.29
948,Y0.5Bi1.5Ru2O7,17.26
949,Y2Ru2O7,270
950,Y2Ru2O7,21.92
951,Y2Ru2O7,17.26
952,Yb1.4Bi0.6Ru2O7,17.72
953,Yb1.4Bi0.6Ru2O7,29.32
954,Yb1.4Bi0.6Ru2O7,38.96
955,Yb14MnSb11,56.4516
956,Yb14MnSb11,68.7334
957,Yb14MnSb11,117.242
958,Yb14MnSb11,164.143
959,YbBiRu2O7,19.3
960,YbBiRu2O7,29.32
961,YbBiRu2O7,35.86
962,YBiRu2O7,15.44
963,YBiRu2O7,17.15
964,YBiRu2O7,17.21
965,Zn0.95Al0.05O,-174.827
966,Zn0.95Al0.05O,-173.816
967,Zn0.95Al0.05O,-195.646
968,Zn0.95Al0.05O,-112.738
969,Zn0.95Al0.05O,-200.026
970,Zn0.95Al0.05O,-164.443
971,Zn0.9604Al0.0196Ni0.02O,-362.53
972,Zn0.9604Al0.0196Ni0.02O,-434.32
973,Zn0.9604Al0.0196Ni0.02O,-443.73
974,Zn0.97Al0.015Ti0.015O,-143.177
975,Zn0.97Al0.015Ti0.015O,-205.305
976,Zn0.97Al0.01Ti0.02O,-139.044
977,Zn0.97Al0.01Ti0.02O,-195.093
978,Zn0.97Al0.025Ti0.005O,-170.775
979,Zn0.97Al0.025Ti0.005O,-217.259
980,Zn0.97Al0.02Ti0.01O,-147.96
981,Zn0.97Al0.02Ti0.01O,-212.256
982,Zn0.97Al0.03O,-144.866
983,Zn0.97Al0.03O,-149.839
984,Zn0.97Al0.03O,-124.909
985,Zn0.97Al0.03O,-177.527
986,Zn0.97Al0.03O,-173.573
987,Zn0.97Al0.03O,-207.5
988,Zn0.98Al0.02O,-137.914
989,Zn0.98Al0.02O,-147.654
990,Zn0.98Al0.02O,-171.48
991,Zn0.98Al0.02O,-133.608
992,Zn0.98Al0.02O,-175
993,Zn0.98Al0.02O,-182.054
994,Zn0.9925Al0.0075O,-113.952
995,Zn0.9925Al0.0075O,-123.495
996,Zn0.9925Al0.0075O,-154.543
997,Zn0.9925Al0.0075O,-187.876
998,Zn0.995Al0.005O,-154.022
999,Zn0.995Al0.005O,-115.43
1000,Zn0.995Al0.005O,-190.595
1001,Zn0.995Al0.005O,-128.468
1002,Zn0.995Al0.005O,-166.107
1003,Zn0.995Al0.005O,-162.876
1004,Zn0.995Al0.005O,-231.536
1005,Zn0.995Al0.005O,-204.677
1006,Zn0.9975Al0.0025O,-210
1007,Zn0.9975Al0.0025O,-132.097
1008,Zn0.9975Al0.0025O,-220
1009,Zn0.9975Al0.0025O,-135.054
1010,Zn0.9975Al0.0025O,-180.753
1011,Zn0.9975Al0.0025O,-268
1012,Zn0.9975Al0.0025O,-218.521
1013,Zn0.9975Al0.0025O,-316
1014,Zn0.99Al0.01O,-178.859
1015,Zn0.99Al0.01O,-110.995
1016,Zn0.99Al0.01O,-204.023
1017,Zn0.99Al0.01O,-117.177
1018,Zn0.99Al0.01O,-182.219
1019,Zn0.99Al0.01O,-147.016
1020,Zn0.99Al0.01O,-167.118
1021,Zn0.99Al0.01O,-175.78
1022,Zn4Sb3,110.866
1023,Zn4Sb3,126.887
1024,Zn4Sb3,135.898
1025,Zn4Sb3,122.133
1026,Zn4Sb3,146.015
1027,Zn4Sb3,148.361
1028,Zn4Sb3,155.085
1029,Zn4Sb3,160.988
1030,Zn4Sb3,205.872
1031,Zn4Sb3,184.769
1032,Zn4Sb3,191.811
1033,Zn4Sb3,188.372
1034,ZnO,-301
1035,ZnO,-293.962
1036,ZnO,-329.869
1037,ZnO,-501.65
1038,ZnO,-159.904
1039,ZnO,-436.926
1040,ZnO,-549.67
1041,ZnO,-190.963
1042,Zr0.15Hf0.15Ti0.7NiSn,-252.204
1043,Zr0.15Hf0.15Ti0.7NiSn,-250.711
1044,Zr0.15Hf0.15Ti0.7NiSn,-264.835
1045,Zr0.15Hf0.15Ti0.7NiSn,-260.541
1046,Zr0.15Hf0.15Ti0.7NiSn,-260.931
1047,Zr0.25Hf0.25Ti0.5NiSn,-311.579
1048,Zr0.25Hf0.25Ti0.5NiSn,-303.567
1049,Zr0.25Hf0.25Ti0.5NiSn,-329.939
1050,Zr0.25Hf0.25Ti0.5NiSn,-328.251
1051,Zr0.25Hf0.25Ti0.5NiSn,-333.898
1052,Zr0.35Hf0.35Ti0.3NiSn,-369.912
1053,Zr0.35Hf0.35Ti0.3NiSn,-329.724
1054,Zr0.35Hf0.35Ti0.3NiSn,-379.426
1055,Zr0.35Hf0.35Ti0.3NiSn,-348.046
1056,Zr0.35Hf0.35Ti0.3NiSn,-345.217
1057,Zr0.3Hf0.3Ti0.4NiSn,-316.151
1058,Zr0.3Hf0.3Ti0.4NiSn,-358.019
1059,Zr0.4Hf0.4Ti0.2NiSn,-188.659
1060,Zr0.4Hf0.4Ti0.2NiSn,-181.756
1061,Zr0.4Hf0.4Ti0.2NiSn,-233.589
1062,Zr0.4Hf0.4Ti0.2NiSn,-276.689
1063,Zr0.4Hf0.4Ti0.2NiSn,-287.251
1064,Zr0.5Hf0.5NiSn,-178.765
1065,Zr0.5Hf0.5NiSn,-177.252
1066,Zr0.5Hf0.5NiSn,-208.592
1067,Zr0.5Hf0.5NiSn,-236.062
1068,Zr0.5Hf0.5NiSn,-237.912
1069,Zr0.5Hf0.5NiSn1.994Sb0.006,-211
1070,Zr0.5Hf0.5NiSn1.994Sb0.006,-237
1071,Zr0.5Hf0.5NiSn1.994Sb0.006,-274
1072,Zr0.5Hf0.5NiSn1.998Sb0.002,-250
1073,Zr0.5Hf0.5NiSn1.998Sb0.002,-281
1074,Zr0.5Hf0.5NiSn1.998Sb0.002,-307
1075,Zr0.94Y0.06NiSn0.96Sb0.04,-92
1076,Zr0.94Y0.06NiSn0.96Sb0.04,-109
1077,Zr0.95Nb0.05NiSn,-78.184
1078,Zr0.95Nb0.05NiSn,-89.0283
1079,Zr0.95Nb0.05NiSn,-129.304
1080,Zr0.95Nb0.05NiSn,-150.706
1081,Zr0.98Nb0.02NiSn,-131.398
1082,Zr0.98Nb0.02NiSn,-148.254
1083,Zr0.98Nb0.02NiSn,-193.681
1084,Zr0.98Nb0.02NiSn,-196.196
1085,Zr0.99Nb0.01NiSn,-170.876
1086,Zr0.99Nb0.01NiSn,-189.025
1087,Zr0.99Nb0.01NiSn,-228.446
1088,Zr0.99Nb0.01NiSn,-210.789
1089,ZrNi0.76Co0.004Cu0.2Sn,-95
1090,ZrNi0.76Co0.004Cu0.2Sn,-130
1091,ZrNi1.98Cu0.02Sn,-133
1092,ZrNi1.98Cu0.02Sn,-136
1093,ZrNiSn,-353.714
1094,ZrNiSn,-342.674
1095,ZrNiSn,-284.671
1096,ZrNiSn,-212.937
1097,ZrNiSn0.98Sb0.02,-113
1098,ZrNiSn0.98Sb0.02,-137