,target,mean,std,epistemic,aleatoric
0,1.3,1.201600984848485,0.27141709856412966,0.19455885270982573,0.18924612076660066
1,2.25,2.2906062821790596,0.0872745522657756,0.024365111209903534,0.08380446783388479
2,2.6,2.3552600000000026,0.5495105692644302,0.548469493894892,0.03380946613005333
3,3.23,3.431930411128474,0.2065443753735248,0.07304586020728206,0.1931964836766387
4,1.62,1.6598778836778538,0.20896430467899352,0.06361695870086094,0.19904512854030915
5,3.7,3.458955972222223,1.0485394176676508,1.0477771063509558,0.03997556515716065
6,0.5,0.8133200000000009,0.7056939806082138,0.7052853140869068,0.024012913192681215
7,0.44,0.7003902083333332,0.4456501622154931,0.4426703931572532,0.051448907711419446
8,2.38,2.574716587844344,0.036678415874268115,0.012746030841097567,0.034392512104287364
9,2.37,3.259696666666668,1.1125366097297038,1.1121786203413648,0.028220992974059007
10,2.68,2.2482300000000013,0.4998419921335137,0.49897048720340165,0.029503728577920118
11,0.3,1.6634947902097894,1.1455027758158285,1.1439295060707577,0.06001578577741246
12,3.16,3.1834519230769214,0.648278519893487,0.6482371719676199,0.007321764453503292
13,1.43,1.523043756901311,0.4255270820127955,0.42468877112201575,0.02669728842404205
14,0.95,0.9588358659069687,0.5351440002644171,0.5329177901624172,0.04876197234944775
15,0.18,0.22843659146409145,0.03278835349701547,0.026846249870631222,0.018824319188987408
16,1.73,2.03077185064935,0.37104350835277666,0.3681399239180063,0.04632797759865622
17,1.71,1.5873985028860025,0.12498708070870046,0.06425798785244809,0.10720392409439981
18,2.12,1.525566666666666,0.7738049790196228,0.7736204926620481,0.0168961205277684
19,0.95,0.9423324798812303,0.09513712793399501,0.05389822033973257,0.07839677898829117
20,2.0,2.0421616666666664,0.17046053462279612,0.17031007335478357,0.007160501223916444
21,6.25,6.093773948412695,0.22170027934358527,0.15480349605685978,0.15870378530330506
22,3.44,5.183224166666658,1.298251598528861,1.29807179143591,0.021606419442151793
23,0.7,0.6296421645021651,0.3153460016262045,0.31168910550274237,0.04788530309536025
24,1.25,0.41659244895354497,0.16536073039315236,0.15916571174821276,0.04483801244303387
25,7.5,7.561980238095256,1.1454090957007033,1.1444551417706386,0.04673783251981401
26,4.29,3.7819833333333346,0.8601548696148933,0.8594393584385851,0.03507689964759453
27,1.13,1.3042541666666663,0.3755947866153641,0.3753371299162286,0.013909803697000017
28,3.25,3.0499919047619066,0.27697289695698885,0.2759392820285547,0.023906030249970525
29,0.9,1.460892440753691,0.5480087407272027,0.5458931262207151,0.04810690863471629
30,0.95,0.9051864754689751,0.07884064061245244,0.06247447263707012,0.048091442907255984
31,0.44,0.3886965692640692,0.10488989358765972,0.038730751167349975,0.0974772726887832
32,1.86,1.847869142675512,0.13722001848667606,0.031648507059194475,0.133520430925038
33,1.3,1.0603867857142852,0.15511865402131458,0.14609314951822802,0.05214008524378305
34,1.22,1.1128375000000021,0.3782523830201382,0.37780080084817785,0.018477557708983166
35,3.5,3.0650345238095253,0.9739008144709423,0.971543931101909,0.06771400421045852
36,8.6,8.526323809523825,0.7375804297736617,0.73710713988439,0.02641883261148635
37,2.1,2.405152500000005,0.45213076288140164,0.4503298916650455,0.040313960567855286
38,3.01,2.377339166666668,0.5932655349554409,0.5930061818999205,0.01754033051125056
39,2.4,2.5409343094307952,0.07699680271251311,0.015838125265557862,0.07535025823460835
40,0.96,0.9137721474358969,0.20359146557518093,0.09712495713943442,0.17893078984823463
41,0.9,1.0148536129148622,0.3631300448040604,0.3333468457522246,0.14402537924422032
42,0.4,0.546701666666667,0.5870971360751968,0.5628995209597963,0.1668147969783554
43,2.5,2.813604160945264,0.4818925897925098,0.18538968390439206,0.444804601143875
44,3.9,4.076133333333343,0.9402479542947461,0.940113302273194,0.01591208485538724
45,4.28,3.3674450000000054,0.8920151186919197,0.8912989798150813,0.03573654369906139
46,1.57,1.1134641315465583,0.6152236945618043,0.6090092072369068,0.08722373444739986
47,4.9,4.6006833333333335,0.9758141215017317,0.9753058948920013,0.03148985727356129
48,0.72,0.7890203027119942,0.03704979337816617,0.011588884512135186,0.0351906940131791
49,1.82,1.847869142675512,0.13722001848667606,0.031648507059194475,0.133520430925038
50,0.98,1.4999601028138512,0.46802936766044434,0.4663672361780139,0.03940926302680609
51,2.36,2.2618115873015907,0.36791162388908616,0.3623729079657798,0.06359904531617497
52,3.31,3.2516444642857145,0.3582047198634542,0.3423224114543214,0.10547979876997295
53,3.54,3.470180357142855,0.40592630353292264,0.4058983093052268,0.004767221733974834
54,0.32,0.3529546428571434,0.22567741904439323,0.2250730868773371,0.016504636622637958
55,6.89,5.529360000000001,1.5278900016253287,1.5267104005235073,0.060026744039629425
56,2.83,2.7661792294880554,0.0548656049338471,0.016530039458888594,0.052316272805357354
57,1.2,1.55514840909091,0.42969857734076483,0.4290665275299304,0.023297689200534526
58,2.2,2.1563568750000033,0.2768365201526296,0.2758482920344855,0.023370465803541702
59,1.12,1.648845119047618,0.43767065535572874,0.4363159140829902,0.0344096741838365
60,1.61,1.5792666666666677,0.2531207792515039,0.2530933424647906,0.003726779962484962
61,0.42,0.4794480952380946,0.25511532438187146,0.2545220761306745,0.017387969881461803
62,4.99,3.992598750000005,1.2709975841827454,1.2707298234915536,0.026087826423450665
63,3.0,2.918240592948718,0.418403836554799,0.4150054796319326,0.0532186275588217
64,1.51,1.471258221662894,0.04412000121396553,0.00927965021144977,0.04313308010185988
65,1.86,2.1207069642857155,0.8178627836865939,0.8160213797794683,0.054851077313002386
66,1.45,1.4474500000000012,0.40654150772091285,0.4064800087335086,0.007071067811850504
67,0.35,0.22821362870381254,0.06287873136333061,0.02190751833043447,0.05893891327861054
68,1.15,1.0585105838605855,0.30082428236172953,0.2995498300161146,0.027661312256768076
69,0.27,0.25873519431999925,0.10674042204836268,0.10625359302632714,0.01018291058873809
70,0.19,0.2887197990975314,0.10844346020862353,0.03343996696238389,0.10315887102704249
71,1.21,1.4438829545454537,0.5014709536563109,0.5011136741901712,0.018926248983803667
72,2.61,2.209906666666666,0.4487672647994236,0.448700271351725,0.007753995385883008
73,3.7,2.5283702723665216,1.3150323582624017,1.313942714349415,0.05352239424077869
74,3.0,2.7519124999999955,0.42647680750984995,0.42640509395333154,0.007820690151393585
75,2.38,2.2618115873015907,0.36791162388908616,0.3623729079657798,0.06359904531617497
76,1.78,1.7274825000000014,0.4912145361520504,0.48890091543216363,0.04761948568250644
77,0.36,0.34265555555555544,0.1505384898076903,0.1502849470460758,0.008733361605835011
78,2.64,2.3854569427060612,0.27781593603627686,0.07181597569862928,0.26837317293307567
79,0.2,0.22011861111111147,0.05539694975822562,0.0549949752692103,0.006661436605892248
80,0.06,0.10198412698412661,0.13569678992395717,0.13531261034924458,0.010203738341415722
81,1.84,2.107563273809524,0.4716717758687523,0.47052163197741964,0.032918960987372854
82,1.88,1.9025383251209553,0.37095835240075,0.3699070767829619,0.027907951586652085
83,1.96,1.7310687927350417,0.4790752241514555,0.4780614136534155,0.03115052441717912
84,0.49,0.49525833333333447,0.07799796961388428,0.07780461595489323,0.00548862460002416
85,2.12,1.9765764285714282,0.5996276121113012,0.5953540552849428,0.07146203231139206
86,2.59,2.5004261904761935,0.5738663643009086,0.5732996176360248,0.025498088052460934
87,2.26,2.2906062821790596,0.0872745522657756,0.024365111209903534,0.08380446783388479
88,1.95,1.8699849999999991,0.5044169404123989,0.5039012872329315,0.022802247696230175
89,0.18,0.20353630952380936,0.2628646455800103,0.26108618893997726,0.03052578976378739
90,5.22,4.41731666666666,1.3043889820099446,1.3040398531529493,0.030177438224179797
91,2.06,2.831941666666666,0.821464685747697,0.821283531828555,0.017250805134186784
92,1.29,0.9261333333333346,0.20522682302488798,0.20517375833939125,0.004666666666666875
93,2.46,2.4557785714285756,0.11177715295063337,0.11164691344722921,0.005394315476146457
94,10.5,10.47877583333335,1.224037714457978,1.2239303229527771,0.016213912921346538
95,2.44,2.5409343094307952,0.07699680271251311,0.015838125265557862,0.07535025823460835
96,2.6,2.434598766429647,0.2633913268374942,0.26132337584582976,0.032940617628618954
97,1.5,1.6595552777777747,0.40184325578781693,0.4010092376979205,0.025876504846782885
98,1.8,1.7328133333333318,0.42640139753785344,0.425628124579833,0.025668100609291696
99,2.0,2.098432222222223,0.17806511206950015,0.17043040920371974,0.05158158348651476
100,2.05,1.8538723039215699,0.2950545242478812,0.2913724614411359,0.04646784902357006
101,2.79,3.05064264705882,0.5558033258309759,0.5555759948496858,0.015894997689711986
102,2.3,2.1370344047619025,0.2667654164012865,0.2651924784627508,0.028926402378022017
103,2.63,1.8788950245098048,0.5564822190105554,0.5551699610010502,0.038193906281030525
104,3.03,2.3468689393939433,0.5361735330754158,0.535387257079421,0.02902658311871871
105,1.51,1.5242773214285712,0.11969083337008819,0.10894652224309984,0.04956360442865279
106,2.64,2.3110820833333348,0.4838610939746271,0.47995172699084016,0.06138320634206853
107,2.0,2.812783333333332,0.6109212331025645,0.6107283017931245,0.015352343288378681
108,0.26,0.8313342916560563,0.5715819330802403,0.5689385432505962,0.05490756075108212
109,2.2,2.1466234523809535,0.1857195116873932,0.14780387210513882,0.1124533343753379
110,4.59,3.791762500000002,1.3106025402820398,1.3102662080489018,0.029689773304758155
111,0.95,0.9531419642857117,0.296547386542509,0.29495491167869026,0.030691245360986264
112,5.89,5.887857559523805,0.29649429219805906,0.28901130364959365,0.0661916283890221
113,3.08,2.9922505753968265,0.07757956098999988,0.049925914638984,0.059380058360210417
114,8.2,8.283525615079357,0.14444875099990268,0.08916531394419977,0.11364413075326053
115,0.45,1.1932562554112551,0.5928393138072933,0.5923004775038276,0.025270463870693274
116,1.02,0.9891014285714274,0.17820422259402177,0.1775019341538121,0.015805325747842488
117,3.02,2.878057673992674,0.19794302813687328,0.18613680830630056,0.06733892619828834
118,2.56,2.5802494841269827,0.23863048837041434,0.1277277519101467,0.20156917267251576
119,1.83,1.9657116666666652,0.7771758446648767,0.7771120544665565,0.009957325611438986
120,1.7,1.6598125000000021,0.4841131305563586,0.48300080858497996,0.03279850733392348
121,1.04,1.076919107142857,0.1138668620181912,0.06340838331326183,0.09457821732020673
122,3.29,3.0516716666666652,0.5306992923152357,0.5283016415074324,0.05038962635745963
123,8.5,8.526323809523825,0.7375804297736617,0.73710713988439,0.02641883261148635
124,3.35,3.19965,0.6468002995515693,0.6465599856161841,0.017629875212251185
125,2.26,1.847869142675512,0.13722001848667606,0.031648507059194475,0.133520430925038
126,2.13,2.092075,0.5253379335009073,0.5243874600559141,0.03158696109331953
127,2.7,2.8474633333333315,0.4544275138261683,0.45350362094598684,0.02896258122321085
128,1.9,1.3031536111111128,0.7652607157500555,0.7645539014817103,0.03288304729465555
129,1.18,1.1866504004329004,0.48831475895357623,0.4828725545460613,0.07270075569105404
130,3.02,2.878057673992674,0.19794302813687328,0.18613680830630056,0.06733892619828834
131,1.88,1.7770833333333322,0.7582505037181945,0.7582284313890337,0.0057855183191214575
132,1.86,1.8031798412698408,0.3921040330530696,0.3909135377693681,0.03053160207259935
133,2.88,2.260218214285714,0.4770115589611282,0.46191242058438253,0.1190669689393426
134,2.0,1.9968033333333324,0.8355763966601487,0.8350163306387104,0.03058826935644001
135,3.69,3.714060042454623,0.09448250831319605,0.025600833817786234,0.09094801638841417
136,2.58,2.3419832442067707,0.3395343892771199,0.3392553498656527,0.013762597477233332
137,0.12,0.1614287806637805,0.06612142564440977,0.04501766611927395,0.048429873698191545
138,4.4,3.8623869949494947,0.8900939999630744,0.8899061326264112,0.018286713323332978
139,0.45,0.6084084722222209,0.5537148524941948,0.5512635406276127,0.052044660123554465
140,0.67,0.6533841666666669,0.13133616821971972,0.12738437698283583,0.03197514008309088
141,1.58,1.1574365041820904,0.381840481838918,0.37361317796550886,0.07883747092271587
142,1.2,1.3385312554112563,0.559915963988102,0.5587112547029582,0.03670995228778687
143,3.2,2.654189166666668,0.742027105894813,0.7401395406493511,0.05289315882039588
144,1.64,1.6743522402597406,0.10793221225357594,0.09114528220231424,0.05780916859989829
145,0.73,0.7706419929953948,0.1931615126438109,0.06020713630456061,0.1835387444243018
146,3.25,3.2857674999999973,0.41020039120382834,0.4076901055872871,0.04531157412847777
147,0.07,0.43841958333333336,0.33135946963455426,0.3309627368016153,0.016210026689607398
148,3.85,3.709487500000001,0.6903376437249502,0.6900442149556187,0.020125698745638243
149,2.0,1.9261638095238083,0.1647259060343189,0.14507817707532186,0.07801888652966539
150,4.06,3.7075499999999963,0.4433841421386388,0.44316080320806406,0.014071247279476774
151,0.04,0.1634174603174599,0.24085046802758264,0.24042540438926857,0.014302897376486172
152,1.46,1.9612511904761905,0.994069190726159,0.9934748064482222,0.03437098927334241
153,1.66,1.686070833333335,0.2132862395529427,0.21283586035923915,0.013853394088732011
154,3.43,3.5314565079365097,0.3712531513592115,0.3668430121025033,0.057053543848811034
155,0.26,0.3847867225829724,0.07312698785380393,0.03735947103185824,0.06286355284892935
156,0.4,0.876304206569145,0.6149652489744701,0.61077260435422,0.07168739928743102
157,4.87,4.553360833333343,0.604139688426912,0.6038677517509852,0.018124611106915153
158,2.18,2.067037641941393,0.1765149720441624,0.13637743173541644,0.11206574618947243
159,3.3,3.406077743457756,0.08681029594309217,0.020857635051863412,0.08426735157681488
160,2.4,2.6877958333333343,0.8399367337182627,0.8398331468607149,0.013190984926561167
161,0.23,0.6007661904761907,0.5009975179101728,0.4986969180190742,0.0479572404380268
162,1.08,1.12426124493562,0.22556580661410222,0.21385999330091027,0.07172054363155075
163,0.36,0.3866750000000001,0.060919573004083113,0.06089391903137634,0.0017677669529648338
164,2.6,2.4404580303030277,0.665293577868979,0.6641409246175626,0.03914558725879925
165,1.25,1.9415725000000026,0.8667500613847137,0.8660934772133525,0.033730663184837174
166,1.93,1.9025383251209553,0.37095835240075,0.3699070767829619,0.027907951586652085
167,1.68,1.9849262290826006,0.5437190748034894,0.5382914708308005,0.07663370496051919
168,3.54,3.714060042454623,0.09448250831319605,0.025600833817786234,0.09094801638841417
169,1.08,1.045662678571429,0.12815428350593924,0.12003761716280321,0.044883079738326184
170,2.42,2.152667023809522,0.2592654184848179,0.2328365969546129,0.11404243219391141
171,0.16,0.23949300685425703,0.05171828600505585,0.0330306926394907,0.03979641254002992
172,0.66,0.8911268808356687,0.3590121082836167,0.35675357968079485,0.0402066820216003
173,3.2,3.0600106945995105,0.6452847944118143,0.6433299527998242,0.050190016235037986
174,0.67,0.7890203027119942,0.03704979337816617,0.011588884512135186,0.0351906940131791
175,1.29,1.2452347981326684,0.08392360053666015,0.01864123296802283,0.08182710529200457
176,1.6,1.4237647293447317,0.29974719532767247,0.29891016142481025,0.022385184917701802
177,2.05,1.91060423024709,0.3252669858040741,0.3184458697820544,0.06626341428585297
178,2.3,2.277958928571432,0.5234949465156372,0.5222802138667372,0.03564179050952953
179,3.1,2.996380158730158,0.22307595760255175,0.1983210800802697,0.10213536143809705
180,1.1,0.9832355260425868,0.22714766913812742,0.22627888678593563,0.019847644439628845
181,2.74,2.747853988095232,0.10623201243632685,0.10011278824710017,0.03553406950608364
182,0.51,0.5178457539682544,0.20797230264744154,0.1261271870661736,0.1653614566676693
183,1.5,1.534020000000003,0.6388540049181768,0.6388525022256627,0.0013856406473315604
184,6.15,5.547672619047616,1.167121928164617,1.1528767104212476,0.18179352510740324
185,2.0,1.950235782182442,0.27402956879319884,0.2734708142259931,0.017490521420439685
186,9.2,9.075706567460307,0.6208003506488139,0.6191207556885607,0.04563513165660572
187,0.23,0.253741634199134,0.05028169414999388,0.047539744438885895,0.016377468219445482
188,2.21,1.7007250131930756,0.6038064059787226,0.5868237938484016,0.14219708461958958
189,1.76,2.766641666666664,1.2147882414631954,1.2146644538662252,0.017341744753853184
190,2.3,2.2819773809523847,0.32379374234780073,0.32342781791293224,0.015389417912095608
191,0.3,0.4660148241026261,0.14709058511858217,0.1418974836510053,0.03873944196861328
192,2.1,2.1554664682539677,0.22077828753897297,0.13135024465480197,0.17745468570247758
193,3.1,3.0314081804297013,0.2568647976338987,0.07566770180825415,0.24546674554114425
194,6.0,4.804596736111121,1.2311846795820667,1.2308645127254914,0.028076085030414023
195,1.8,1.9213467857142823,0.18058691147707456,0.1782125685348551,0.029187548938517233
196,3.13,2.5197954487179506,0.7427744008992806,0.7411482642625438,0.04912291737981268
197,1.35,1.3574733654214142,0.07416889745430959,0.019285313733528032,0.07161774936276123
198,0.18,3.9290939285714295,1.0604443932509686,1.0599094260393227,0.03367966404832927
199,1.4,1.1894720833333345,0.5060061625926776,0.5050064212516298,0.03179231159240684
200,0.22,0.12758607142857145,0.030876641599615395,0.0297121929282007,0.00839955879010799
201,2.57,2.5409343094307952,0.07699680271251311,0.015838125265557862,0.07535025823460835
202,2.06,1.6717990773809532,0.6439376540540789,0.642840274810739,0.03757769803918422
203,0.55,2.0360950000000018,1.460375842369011,1.4603213460580438,0.012616149262793452
204,2.53,2.574716587844344,0.036678415874268115,0.012746030841097567,0.034392512104287364
205,1.59,1.5481288670094113,0.0654195785503142,0.0191288562158012,0.0625604357207967
206,1.15,1.4611066666666688,0.5311257622153963,0.5309283334772085,0.014480331487910478
207,2.1,2.0838399165453594,0.06068785472572899,0.015117898498745898,0.05877469571331529
208,1.55,1.7400277991452997,0.6241258363549094,0.6216210976974184,0.055859381514404734
209,0.29,0.22642189574314586,0.05659282846916717,0.045121723031305634,0.0341581373149462
210,1.65,1.7035432431416626,0.07153971324118494,0.025514244901356276,0.06683527420265878
211,1.52,1.471258221662894,0.04412000121396553,0.00927965021144977,0.04313308010185988
212,1.35,1.698338333333333,0.3317094946845642,0.33091102106743125,0.02300184775184369
213,2.54,2.169804999999999,0.5094894620843544,0.5092323397663326,0.016184440401544372
214,1.54,1.7310687927350417,0.4790752241514555,0.4780614136534155,0.03115052441717912
215,2.65,1.9781666666666657,0.5124492386785513,0.5113011180638454,0.034283945060166444
216,0.21,0.22642189574314586,0.05659282846916717,0.045121723031305634,0.0341581373149462
217,2.2,2.057891091954023,0.4567011217150896,0.45581339697322576,0.02846158315255105
218,1.1,1.2159825000000002,0.7619454385718278,0.7611317058969009,0.03520479568025695
219,1.52,1.7457564185814207,0.2994583066846307,0.2982414444355764,0.02696883874784623
220,1.4,3.074691190476191,1.3017624010103703,1.300796557674057,0.0501364560734757
221,1.6,1.723149999999998,0.47332519916720106,0.472987866593265,0.0178667910443447
222,0.24,0.5957900793650805,0.2239402795177064,0.22361471839704958,0.012070895023845504
223,1.29,1.4545780555555552,0.4836973208044094,0.48281294786147666,0.029236202398306894
224,0.8,0.45600000000000074,0.04793745925682111,0.04550137360563338,0.015087246269613068
225,6.75,5.887857559523805,0.29649429219805906,0.28901130364959365,0.0661916283890221
226,1.04,1.2337000000000018,0.24369614276798787,0.24329675295818376,0.01394632568098241
227,2.06,1.9633750000000034,0.31916274747375145,0.31915315191141963,0.0024748737341372474
228,1.92,1.8817848412698401,0.35633360847963536,0.3548803603192655,0.03214918959766105
229,0.05,0.897990462454213,0.5969177337809696,0.5956097142560187,0.03949492608009614
230,2.04,2.184298571428573,1.140903869285368,1.140374771780074,0.03474217664263216
231,0.22,0.16757821428571415,0.09960265320453413,0.09700117020057354,0.022615514699030306
232,1.92,2.1746166666666658,0.5063459157422856,0.5061071941243768,0.015546525156583028
233,1.53,1.471258221662894,0.04412000121396553,0.00927965021144977,0.04313308010185988
234,4.9,4.331439393939394,0.7059223523441127,0.7057347762298413,0.0162724662808496
235,1.73,1.7921425079087572,0.05095976523926883,0.02199930436662769,0.04596659962000526
236,2.89,2.1404052698561618,1.3615410492503766,1.3596160739737342,0.07237513513677278
237,5.54,4.906537499999998,0.9822986491356969,0.9822333186895139,0.01132889006031289
238,0.55,0.660057142857143,0.2134663315628118,0.19237652191680554,0.09251566638184659
239,0.35,0.37799291666666696,0.2577070865339678,0.25553035748352737,0.033424225558218494
240,0.41,0.6773551232101235,0.1789243707884475,0.07081589485237502,0.16431384451195588
241,1.87,1.963709573412699,0.554859609440179,0.5536190021051807,0.03708350976069974
242,0.8,0.5778499999999994,0.29726572428272585,0.28584753657617373,0.08159716089832181
243,2.25,2.183458571428569,0.5418229307473803,0.5417170269275948,0.010712190271270974
244,0.62,0.6866500000000005,0.13125748550082586,0.1291257311477614,0.02355998844557341
245,2.45,2.3854569427060612,0.27781593603627686,0.07181597569862928,0.26837317293307567
246,2.1,2.404887764596515,0.17321031905971557,0.07272167162637201,0.1572048762113777
247,0.61,1.1684100000000033,0.9279583890994177,0.9279426123958242,0.005411099703335077
248,1.93,2.0838399165453594,0.06068785472572899,0.015117898498745898,0.05877469571331529
249,2.84,2.574716587844344,0.036678415874268115,0.012746030841097567,0.034392512104287364
250,3.4,2.6674350739538255,0.42284598536729096,0.1865781175151236,0.3794566291498252
251,0.9,1.173717254689752,0.5620293289620538,0.5563784208812942,0.07949854961679526
252,2.3,2.299517857142858,0.5213760007949444,0.5195556221096074,0.043530331255674404
253,0.46,0.5007392480853842,0.05560149723448156,0.01495515535949986,0.05355249595387019
254,0.3,0.26800152287663315,0.075620217049005,0.02345789075309459,0.07188980865153631
255,1.26,1.4883021969696997,0.3543517078679035,0.3493415223761394,0.05937704617797423
256,1.76,2.15848839285714,0.6415794110155721,0.6412697960409492,0.019929609245737567
257,1.17,1.0558934523809522,0.18066237078881425,0.17728002241892224,0.03479491155587896
258,1.18,1.1804740286796538,0.10088575471964101,0.038920533872004615,0.09307592357032891
259,4.39,3.819590000000005,0.737039572818146,0.7370156388435442,0.005939696961769782
260,1.78,1.5961166666666669,0.5063367980460756,0.5059885843573924,0.018775131305914787
261,0.3,2.056285119047619,1.5294427497162193,1.5261931616952034,0.09964716681526029
262,0.32,0.22843659146409145,0.03278835349701547,0.026846249870631222,0.018824319188987408
263,1.68,1.3073549999999954,0.5704177889713955,0.5702611322675037,0.013367684915499322
264,0.9,1.0347182549395064,0.6439223778082656,0.6427843189927249,0.03826679891641794
265,2.14,1.9681419413919397,0.6102488903553045,0.6097012669137241,0.025847114030009066
266,3.02,3.0314081804297013,0.2568647976338987,0.07566770180825415,0.24546674554114425
267,2.4,2.399704134199139,0.43263440435471306,0.4319185364724019,0.02487781507479569
268,4.02,3.82206642857143,0.2719684485667383,0.2694033372811989,0.037264981920714126
269,1.7,1.6598778836778538,0.20896430467899352,0.06361695870086094,0.19904512854030915
270,1.75,1.461347916666666,0.6270570513283962,0.6263409420238991,0.02995947204604108
271,1.9,2.1970000000000045,0.31527606950096687,0.3152475217983146,0.0042426406870751335
272,0.1,0.7491277548840053,0.41175647106338426,0.4089163070886513,0.048278828274425055
273,1.56,1.6283333333333334,0.6745419374633596,0.6737225436582411,0.033237923573717916
274,3.73,3.537516666666668,1.3030837782182392,1.3027815007172463,0.028065894684493838
275,3.5,2.858170119047619,0.8045625992107039,0.803210192654202,0.04663005967274287
276,2.31,2.0519849999999984,0.4163867310265908,0.4144703303917072,0.03990307005732143
277,1.11,0.9137721474358969,0.20359146557518093,0.09712495713943442,0.17893078984823463
278,2.6,2.6179073969943403,0.4378856436938373,0.43607238682622523,0.03980842123025233
279,1.5,2.229795833333332,0.8468053692059254,0.8452917005451009,0.050609033833448024
280,1.42,1.6990474989686093,0.08438794168934181,0.02906905266459103,0.07922319660141837
281,4.6,4.441130059523808,1.6214942835717856,1.6212156121446175,0.03006078166865564
282,1.61,1.7035432431416626,0.07153971324118494,0.025514244901356276,0.06683527420265878
283,1.98,1.5392450448162969,0.5831197266239236,0.5785909660878188,0.07253350632310557
284,3.44,3.406077743457756,0.08681029594309217,0.020857635051863412,0.08426735157681488
285,2.4,2.6590439102564125,0.9042540767126115,0.9039152872446217,0.024750530031708344
286,3.3,2.984124999999998,0.6221967007104976,0.6220440976128853,0.013779513779511924
287,1.8,1.5207753205128234,0.5738387285050611,0.5728731276221898,0.033275606390799906
288,2.8,2.8354269257703004,0.28021647447353526,0.27941326323943366,0.02120143608976463
289,2.16,1.5975966666666677,0.7218224093608825,0.7213308715222894,0.026633896531375136
290,0.15,0.19540369318181783,0.1039057060220293,0.10366682098125625,0.007041730723092291
291,0.89,1.0153723683261164,0.4603069882055849,0.45120826046888973,0.09106936408878147
292,0.75,1.3715050000000002,0.5209423893965994,0.5201805017678427,0.02816413767175514
293,1.65,1.819215833333333,0.2095181617011687,0.19139404437318858,0.0852418902952709
294,0.19,0.28003533064158065,0.046853223351857945,0.024935885869084372,0.03966643586690245
295,1.37,1.3140800000000041,0.31004524444021364,0.30942880215001245,0.01954149431339082
296,3.16,2.1159733333333337,0.44252661233221313,0.4384025171764754,0.060274667610490294
297,3.29,3.2527181637643388,0.060029591468465184,0.020297155944548236,0.056494046699041824
298,2.4,2.0180486904761903,0.5512798945663149,0.5505552849251895,0.02825597979173101
299,0.31,0.3886965692640692,0.10488989358765972,0.038730751167349975,0.0974772726887832
300,2.53,2.418162500000003,0.5326150097337904,0.5319473285949288,0.02666061129165054
301,1.6,1.2965408333333337,0.14858631329737115,0.1386978625741503,0.053299112719318885
302,0.66,0.546701666666667,0.5870971360751968,0.5628995209597963,0.1668147969783554
303,1.02,1.4652550000000018,0.6170765633006967,0.6168046566129697,0.018316674249307493
304,1.1,0.994810119047618,0.2368075361624331,0.23244016404390988,0.04527007093613104
305,3.27,3.2527181637643388,0.060029591468465184,0.020297155944548236,0.056494046699041824
306,1.96,1.6717990773809532,0.6439376540540789,0.642840274810739,0.03757769803918422
307,1.21,1.2126525894367068,0.12215753386683263,0.04649489332947484,0.11296321513973971
308,10.3,10.050715595238115,0.9929826491406613,0.9924644541522596,0.03207567206876655
309,0.8,1.0096999999999987,0.16269575901050873,0.1626957590105091,
310,2.15,2.0838399165453594,0.06068785472572899,0.015117898498745898,0.05877469571331529
311,1.0,1.0440601190476164,0.18756125337248974,0.18620924556684398,0.022479782741078595
312,4.3,3.439915416666667,0.9159703243596692,0.9153749801416164,0.03301940093782489
313,1.87,1.847869142675512,0.13722001848667606,0.031648507059194475,0.133520430925038
314,2.77,2.0317541666666674,0.8202212321649432,0.8199573215413745,0.02080530088397449
315,2.36,2.3854569427060612,0.27781593603627686,0.07181597569862928,0.26837317293307567
316,2.38,1.7020845238095235,0.515355690852273,0.5150040185968661,0.019035464872240327
317,0.29,0.3886965692640692,0.10488989358765972,0.038730751167349975,0.0974772726887832
318,2.64,2.205183333333331,0.5655787299061289,0.565427733618057,0.01306819718926269
319,0.81,0.8681452687590189,0.24976130119182527,0.24696960596425596,0.03723870705185396
320,0.04,0.12256345238095222,0.053978116354907665,0.05189846233492493,0.014838687694480556
321,3.8,3.7699928571428547,2.029128644353895,2.0286981447945305,0.04179584482584363
322,1.4,1.4832014722222224,0.3057282540064428,0.30210922099009446,0.04690185380756582
323,1.74,1.6286007936507945,0.2939892500183498,0.2931465985821166,0.022242995888305472
324,1.83,1.847869142675512,0.13722001848667606,0.031648507059194475,0.133520430925038
325,0.97,1.2321004202741705,0.14040545819140143,0.06599630342790616,0.12392812684693137
326,1.3,1.2919457677045185,0.1552213318848251,0.09492634214752652,0.12281144669203173
327,3.8,3.2054648809523787,0.7183138129576155,0.6903100576981992,0.1986120795078115
328,1.31,1.0825549999999995,0.639104498552655,0.6386672314519966,0.023637418211015504
329,1.35,1.270026031746034,0.37807898535042966,0.37709540341752623,0.027253915039559404
330,2.29,1.7020845238095235,0.515355690852273,0.5150040185968661,0.019035464872240327
331,3.84,3.200966286764705,0.8332457913277422,0.8327170806476792,0.029678483165449486
332,2.31,2.180950000000002,0.24972404269511797,0.2497210393619117,0.001224744871250562
333,2.36,2.3854569427060612,0.27781593603627686,0.07181597569862928,0.26837317293307567
334,3.4,2.8673749999999996,0.5445848810868158,0.5442830257805097,0.01812954923748303
335,0.2,0.5673550000000014,0.22715755319821257,0.22695970782277372,0.009478660242880237
336,0.8,0.8266514682539696,0.38859574471593683,0.38576843267836647,0.046790695231105676
337,1.37,1.7907074999999992,0.6710246824400362,0.6703574143067071,0.029917578909016928
338,1.7,1.7045532142857143,0.3137638904557961,0.31116001285455763,0.040338881421134336
339,3.51,3.7394682539682504,1.3012384234668435,1.2987823310920663,0.07991177103239697
340,1.12,1.0912964177489173,0.4512246368190129,0.44714346477960304,0.060550761988120504
341,0.29,0.3886965692640692,0.10488989358765972,0.038730751167349975,0.0974772726887832
342,2.1,1.8315416666666673,0.6183092860889998,0.6182921131251619,0.004608265520846939
343,3.0,2.813604160945264,0.4818925897925098,0.18538968390439206,0.444804601143875
344,1.71,1.5237085714285719,0.04848379771443534,0.032378236728220725,0.03608778778458973
345,4.45,3.8550604746642243,1.3847741387202162,1.3822416587890989,0.08371028596460765
346,1.35,1.3166666666666669,0.18179032488617689,0.18148737329816111,0.010490736654575441
347,1.93,2.000912500000002,0.6496888683647487,0.6485467868279405,0.038505726486089964
348,0.21,0.28003533064158065,0.046853223351857945,0.024935885869084372,0.03966643586690245
349,1.99,1.9178794575198188,0.06275982883064503,0.022965802561233678,0.05840691763456018
350,3.28,2.4089878865578886,0.5411262633000292,0.5386799291730466,0.05139617436321443
351,2.0,1.4074895833333354,0.3665338233253355,0.3662477461949456,0.014478675651142551
352,2.18,2.9697200000000006,1.7601124315224814,1.7592777140665126,0.05420052019019904
353,1.9,1.8930230304035502,1.047517101535881,1.0452571204728005,0.0687723062797979
354,0.31,0.47186892857142854,0.25711638315546304,0.2416910886557184,0.08771688635240395
355,2.07,2.014499999999999,0.4758058952976566,0.47543743016300744,0.018721645226848847
356,0.8,0.618901666666666,0.2523042019676959,0.22117678587124273,0.12140115206299446
357,2.12,1.6294642959491492,0.8005567191765163,0.7993455363992308,0.04402015512573163
358,1.37,1.2648658333333342,0.2830236126768174,0.2827051298995579,0.01342292297196152
359,1.58,1.471258221662894,0.04412000121396553,0.00927965021144977,0.04313308010185988
360,2.14,1.8320047449772434,0.4317979051309562,0.427290812317299,0.06222533716023614
361,3.0,1.5287347510822509,0.6861129277941813,0.6832045439991744,0.06310705780801058
362,1.6,1.529742094155844,0.634813301362147,0.6338065942708841,0.03573693670491218
363,2.52,2.2440392857142863,0.14593285598735709,0.1427161886511557,0.0304711003003574
364,2.65,3.0314081804297013,0.2568647976338987,0.07566770180825415,0.24546674554114425
365,1.88,2.010868926767675,0.4171573576021795,0.41426002281848007,0.04908048997376679
366,1.65,1.308249999999999,0.21168397238966427,0.20058441143596545,0.06764612372897262
367,0.66,0.546701666666667,0.5870971360751968,0.5628995209597963,0.1668147969783554
368,3.31,3.2527181637643388,0.060029591468465184,0.020297155944548236,0.056494046699041824
369,1.55,1.6988250000000005,0.190938129704359,0.19004347437567118,0.018462048158918897
370,1.2,1.2126525894367068,0.12215753386683263,0.04649489332947484,0.11296321513973971
371,1.02,1.121272619047616,0.305617623234068,0.29999956622938095,0.0583300256593808
372,0.37,0.5354711538461533,0.302358860591443,0.3015114445007697,0.02262143702807002
373,1.97,2.068473787878787,0.33818243383616464,0.33755476624221487,0.02059461926124252
374,3.58,2.947337643288084,0.9704333781927464,0.9689232233322262,0.05411773090286463
375,1.31,1.6647495138888895,0.5766228425361628,0.5747145414985002,0.04687321542899703
376,3.99,4.210831666666671,1.0807270507998274,1.0804327189950043,0.025220984428747574
377,0.06,0.10198412698412661,0.13569678992395717,0.13531261034924458,0.010203738341415722
378,0.9,1.201600984848485,0.27141709856412966,0.19455885270982573,0.18924612076660066
379,1.89,2.077279220779225,0.42497028156983835,0.4246999672642709,0.015155131912157992
380,1.36,1.3074083333333366,0.2535940652510406,0.25305097737960086,0.016587729735493217
381,2.54,2.5802494841269827,0.23863048837041434,0.1277277519101467,0.20156917267251576
382,1.65,1.516899093002587,0.6110428421721823,0.6071603399290246,0.0687726441772435
383,1.45,2.5721796430693495,1.0457863288482379,1.0438330820587831,0.06388695019748934
384,2.74,2.3854569427060612,0.27781593603627686,0.07181597569862928,0.26837317293307567
385,2.4,2.3253344607843203,0.24253602299386767,0.2394987618331205,0.038263109257928044
386,0.3,0.3886965692640692,0.10488989358765972,0.038730751167349975,0.0974772726887832
387,1.5,2.018510436367483,0.546745798185388,0.5436302345025376,0.058284954903413747
388,0.19,0.2887197990975314,0.10844346020862353,0.03343996696238389,0.10315887102704249
389,1.3,1.3999512286324747,0.37195398110396505,0.37054154862203104,0.03238402081082291
390,0.16,0.223791475839617,0.03128299931739316,0.00870813606154507,0.03004653744819258
391,2.91,2.9922505753968265,0.07757956098999988,0.049925914638984,0.059380058360210417
392,3.54,2.479962499999998,0.82554610627981,0.8248995995199658,0.03266533798317905
393,2.11,2.040474642857141,0.2842178129364005,0.281054792584439,0.042284379570578234
394,0.66,1.4106491083916086,0.9600106320640706,0.9580517752665143,0.061296081316317294
395,2.05,2.013189999999997,0.39543440636007465,0.38900287427174407,0.07102910348347613
396,2.16,1.8810666666666649,0.45104677756920336,0.4493970664494156,0.03854182432399789
397,2.2,2.3854569427060612,0.27781593603627686,0.07181597569862928,0.26837317293307567
398,0.7,0.8183818452380962,0.0892630744267633,0.08736013226673232,0.018333132478027786
399,2.26,1.8320047449772434,0.4317979051309562,0.427290812317299,0.06222533716023614
400,1.46,1.401356458333335,0.22366154587705936,0.2234695556918881,0.009265245975474623
401,3.3,3.2539583333333373,0.7601986461427087,0.7595293083274128,0.031893751564984536
402,1.95,2.20168251984127,0.13385449589543846,0.08865790724260385,0.10028360561319982
403,1.25,1.5822601190476198,0.3377795917105903,0.33623405674074847,0.032275558303957994
404,0.38,0.9560633730158746,0.6512849797081015,0.6508366706050601,0.024160980714836574
405,3.5,3.2324766666666584,0.6949698310878304,0.6945186362670542,0.025038570246695774
406,0.4,0.4794480952380946,0.25511532438187146,0.2545220761306745,0.017387969881461803
407,0.33,0.40188342070878474,0.04525573647819867,0.011465318316331167,0.04377931201023336
408,0.34,0.2887197990975314,0.10844346020862353,0.03343996696238389,0.10315887102704249
409,5.39,4.26218119047619,0.8027937970010353,0.8024408910839552,0.02380119366181635
410,2.1,1.9244851190476175,0.37739490387263036,0.37292453907577905,0.05791546964455766
411,2.08,2.041862591658213,0.18692896043674448,0.06361288383251378,0.17577211741477397
412,0.79,1.117575448717949,0.5289712467463724,0.5281948720627635,0.028648857062935695
413,0.25,0.2887197990975314,0.10844346020862353,0.03343996696238389,0.10315887102704249
414,2.2,3.056191666666665,0.623774996771461,0.6237379786750848,0.006795627679294114
415,2.6,2.5611275000000036,0.048159150156078044,0.04763630145150454,0.007077183604871214
416,1.04,1.5160883333333353,0.4368449750165543,0.43660738335169547,0.014405728027406575
417,0.27,0.6391172023809524,0.6419656550127758,0.640734445301949,0.039740065671636654
418,2.4,2.3959162445887427,0.6620599758164754,0.6609797029516343,0.03780534174003996
419,2.15,2.0155918181818193,0.3121708832631524,0.309580622376106,0.040131018010007825
420,2.8,2.3854569427060612,0.27781593603627686,0.07181597569862928,0.26837317293307567
421,0.45,0.8880632539682541,0.46516582020248337,0.4640463841845962,0.032252032646814956
422,0.14,0.6039878571428562,0.6344460270827795,0.6343583693551451,0.0105461135118244
423,3.2,3.0072505952380966,0.3993677223790225,0.39216474943903956,0.07550752926446042
424,1.11,1.1736321044233542,0.12656218218784399,0.052928653279238784,0.11496322726069906
425,6.28,6.024018452380951,0.33338633872730145,0.3223049801972575,0.08524054545836998
426,0.23,0.6459238095238095,0.6334786380673402,0.632487108410787,0.035429402786576254
427,0.23,0.6213344444444439,0.41712284672267175,0.4168382436350952,0.01540609948152189
428,4.1,3.466268571428572,0.69573288069199,0.6956228789409643,0.01237140128923471
429,1.32,1.3472195454545417,0.19583231303875778,0.19538579299364536,0.013216910620654993
430,3.9,3.7743999999999946,0.5283451901929723,0.5280062878413934,0.01892088792841724
431,1.68,1.6743522402597406,0.10793221225357594,0.09114528220231424,0.05780916859989829
432,3.1,2.9009149206349134,0.5275156249318423,0.5248640505061513,0.052824833492482175
433,1.12,1.2126525894367068,0.12215753386683263,0.04649489332947484,0.11296321513973971
434,2.5,1.6337533928571424,0.784000006541038,0.7823172474855745,0.05133940536217644
435,0.14,0.18862490530303,0.05488189993369426,0.054031242951211145,0.00962536884899616
436,0.6,1.4130983333333336,0.8709295323564104,0.8707369130336925,0.018316075210354443
437,0.9,0.8406833333333316,0.205897303824566,0.1967206980862947,0.06078376976353582
438,1.91,1.814626377420537,0.27428251571750106,0.27373630900188073,0.01730120118223243
439,0.12,1.2579055411255413,0.47842806440375496,0.477087849767551,0.03578542179852233
440,0.16,0.3291107142857147,0.4360778459659999,0.436073490678989,0.00194896623573758
441,2.7,2.641255000000003,0.6009965681890179,0.6007949150708395,0.015567433956809117
442,1.64,1.5015690546218492,0.418369698750154,0.41777077513463545,0.022378209841282654
443,2.43,1.8504637326014075,0.707723683505528,0.7042848193785329,0.069682891641924
444,3.2,3.0272724116161607,0.7593160873370813,0.7583065038864014,0.039142900409617445
445,0.83,0.7520146428571423,0.26068767944449794,0.2595687099175073,0.024127806487914898
446,1.7,1.7989916666666688,0.36960044858902497,0.36897707838697297,0.02145710190641171
447,0.26,0.31681666666666763,0.17384005979315756,0.1737860426245756,0.004333333333335434
448,1.4,1.2812458333333347,0.5030784295044192,0.5025086165478708,0.023937345879978183
449,1.98,2.3360284157509166,1.011794459944423,1.0111300633418319,0.036660935347719935
450,0.8,0.8673079563492064,0.399179512573134,0.39583700016062195,0.05154951563268644
451,2.34,2.2906062821790596,0.0872745522657756,0.024365111209903534,0.08380446783388479
452,1.13,1.1736321044233542,0.12656218218784399,0.052928653279238784,0.11496322726069906
453,2.45,3.3882074404761893,0.9236462625258536,0.9197189590791766,0.08508498450545755
454,1.72,1.7254331750194252,0.10474367011794805,0.06783718788672448,0.07980822244229455
455,5.0,4.13961666666666,0.9720655086235781,0.9720369893225107,0.007446102634592501
456,1.35,2.1860943589743616,0.7503365397548216,0.749623399880657,0.03270598175568968
457,2.23,2.2610999999999994,0.46202682822538754,0.4620114368473899,0.003771236166305537
458,0.3,1.2288497023809513,0.7472783546412892,0.7467642244460247,0.02771520165757021
459,0.22,0.1779675992063492,0.03068140338512275,0.01956987882232297,0.02362981922402744
460,6.81,6.597003124999983,1.514158831383626,1.5140578455205667,0.017487340410921825
461,2.3,2.3049639328063205,0.3903984203581116,0.3884495030960263,0.038960366560891836
462,6.26,6.093773948412695,0.22170027934358527,0.15480349605685978,0.15870378530330506
463,2.52,2.5409343094307952,0.07699680271251311,0.015838125265557862,0.07535025823460835
464,3.22,3.4183138888888878,0.8382433956570562,0.8374843302892028,0.03566492510461365
465,0.46,1.4232283044733025,0.5166735964328044,0.5138296068034102,0.05413631334937119
466,2.67,2.7661792294880554,0.0548656049338471,0.016530039458888594,0.052316272805357354
467,1.3,1.2966267261904774,0.315207503763097,0.31288097290670985,0.038226525103826965
468,2.12,2.3485967261904794,0.22480471522917211,0.2084781607788315,0.08410717250951225
469,0.89,0.9490791400266384,0.20005309342041644,0.19466867069133775,0.0461015058142938
470,0.75,0.7873490277777776,0.5266769053452564,0.5254820958804183,0.035456022523388815
471,0.9,0.8508000000000011,0.30791453359658016,0.3078544461267362,0.006082762530298191
472,1.39,1.4685626798307603,0.32213676152022086,0.3201050226272708,0.03612295131256705
473,2.6,1.862741666666664,0.4224883429522777,0.42132614371174065,0.03131581957342182
474,0.21,0.24788541666666664,0.10132851017989557,0.09552635612240108,0.03379618708158369
475,3.3,2.3604849908424876,1.2238223281517595,1.2205258639583045,0.08976472743582194
476,0.7,0.7250719701132201,0.06090082116846238,0.05985176126488193,0.011255074077260143
477,1.57,1.524270909090909,0.3314495371835341,0.32969691270666607,0.03404029158030199
478,5.6,3.899437500000001,1.1661235891878736,1.1657259985659714,0.030448670377824113
479,1.2,1.201600984848485,0.27141709856412966,0.19455885270982573,0.18924612076660066
480,1.3,3.1363613113275606,2.0145219811290147,2.0139444638984143,0.04823389663813534
481,0.45,0.677168234126983,0.3973856993267279,0.39645167070135306,0.02722988849588768
482,3.3,3.324569523809519,0.5821316660301551,0.5807655503610735,0.03985789895169505
483,0.64,1.994204999999999,0.7310644303399938,0.730311230973561,0.03317690796656089
484,0.52,0.6258349206349199,0.4029426892798064,0.402819668942037,0.009956161784058977
485,2.1,1.5252767540792544,0.8493410521435638,0.8452916649686247,0.08283854169953836
486,2.37,2.2906062821790596,0.0872745522657756,0.024365111209903534,0.08380446783388479
487,1.42,1.3574733654214142,0.07416889745430959,0.019285313733528032,0.07161774936276123
488,3.24,3.2527181637643388,0.060029591468465184,0.020297155944548236,0.056494046699041824
489,2.45,2.514143333333333,0.03426075678616452,0.03342220668964306,0.0075336283128049665
490,0.31,0.26800152287663315,0.075620217049005,0.02345789075309459,0.07188980865153631
491,0.7,0.7176000000000005,0.13101761331973025,0.09178445311343156,0.093494540838846
492,0.1,0.533856852179683,0.4338450401860067,0.43283694149006396,0.0295584332386674
493,2.2,2.2998754365079384,0.2688008282680197,0.19716796251013505,0.18269833014336886
494,0.82,1.4380083333333347,1.1302219324527452,1.1298616366556156,0.028535917912544645
495,1.7,1.6284647893772897,0.34269714693922254,0.27834877015395887,0.19990822062652067
496,3.6,3.6171030303030243,0.6071925596845874,0.6069040938238437,0.018714310999350864
497,0.6,0.5514527525089292,0.031455353013733436,0.012694412803005156,0.028780047199500704
498,2.18,2.4189448805361287,0.6225780356135178,0.6206303870821336,0.0492070427750711
499,5.63,4.804596736111121,1.2311846795820667,1.2308645127254914,0.028076085030414023
500,0.6,0.44966702380952406,0.16362593761439498,0.15857682138115547,0.04033409452112432
501,2.8,2.0395934523809527,0.4117377837607023,0.40946524959347247,0.04319967536371231
502,3.6,3.5948166666666714,0.4001645074910183,0.39989147104068795,0.014779866184908947
503,1.1,1.106575000000002,0.5064390579082508,0.506435972631286,0.0017677669529383828
504,0.95,1.4765805124833744,0.7499159384919483,0.7480830156026854,0.05239958560000213
505,1.95,1.9935500000000022,0.4313667011178744,0.4305029700503896,0.027284127457386082
506,1.65,2.554836666666667,1.0401813095107784,1.040090748172166,0.013725604621364153
507,3.24,3.442816709547547,0.13052848129844338,0.03873247044075315,0.124649429054586
508,0.1,0.22206091575091544,0.4221258979126246,0.42056137772325797,0.03630979559367828
509,2.02,2.2839642133520086,0.8196748358382256,0.8186170916945462,0.04162803973267482
510,1.45,1.524270909090909,0.3314495371835341,0.32969691270666607,0.03404029158030199
511,4.8,5.613774177489179,1.5430709844384096,1.5427633291111762,0.030811902984453812
512,0.64,0.709841651045035,0.2811668041655144,0.2750907973131152,0.058136262334994276
513,0.12,0.16843297619047604,0.17567306731322765,0.1753271805954275,0.011018453779735099
514,2.84,2.6773879581529623,0.38625282661560284,0.384515118250847,0.036597402982726845
515,2.8,2.350924166666667,0.5470480822097004,0.5449327995770366,0.04806088008395543
516,0.68,0.6839500000000025,0.018678798141144353,0.018678798141144242,2.040425529722743e-09
517,1.73,1.7428701388888923,0.22762433677362653,0.22620655044452184,0.02536602506549557
518,1.41,1.3574733654214142,0.07416889745430959,0.019285313733528032,0.07161774936276123
519,2.06,2.3854569427060612,0.27781593603627686,0.07181597569862928,0.26837317293307567
520,4.0,3.865000000000001,0.4968430335629167,0.49682491885975544,0.004242640687002341
521,0.11,0.5473483022533031,0.43075285820736653,0.42918310424080436,0.036740820459571895
522,1.28,1.3999512286324747,0.37195398110396505,0.37054154862203104,0.03238402081082291
523,2.75,2.3029937500000015,0.610101690034663,0.6096861044569365,0.022515021991494903
524,1.04,1.2652549999999991,0.7265716310006932,0.7265107638397436,0.009404520189772865
525,1.14,1.2315000000000034,0.3583025955808735,0.3573915919548064,0.025534290669610563
526,2.09,2.4939458333333357,0.6547117091254477,0.6544218686786485,0.019479216131833146
527,2.56,2.6674350739538255,0.42284598536729096,0.1865781175151236,0.3794566291498252
528,2.5,2.0379377976190427,0.4402560698543374,0.43913551625130287,0.03139116771145885
529,0.7,2.0702483333333337,0.8856896681855015,0.8849973540434329,0.03501245016657062
530,3.26,2.854330476190476,0.5105994416694136,0.5094470189495313,0.03428592592526731
531,3.65,3.286456666666664,0.8594082526883888,0.8591259153348958,0.022027400865449395
532,0.21,0.27980047619047566,0.039951466982568073,0.03943927718414135,0.0063767647950739685
533,6.0,5.244199494047612,0.5056208036890687,0.5051785726598496,0.021142536473583915
534,2.13,1.4908458333333334,0.7389746790199508,0.7388493845420696,0.013607468333395562
535,2.19,2.001448012820512,0.5562377247760242,0.5559971384552428,0.016358132338062298
536,1.89,1.7654488690476182,0.12193814178239844,0.12043668770429707,0.019076547805143434
537,2.51,2.186383333333334,0.33957921715296896,0.3394024307514628,0.010956035880815458
538,2.16,2.1129083333333365,0.30252590786664957,0.30224080389922875,0.013130932521663691
539,2.9,1.9695666666666674,0.8246945165062964,0.8245294988321783,0.016497003094830872
540,2.2,2.1329583234126988,0.9674295958636013,0.9657638569932022,0.056746766237599965
541,5.55,2.619454347826087,1.6234008111270788,1.6228900061380283,0.04072126650004433
542,0.71,0.9715583333333337,0.523050735203786,0.5228019682309066,0.016129898050240725
543,2.2,1.9260978571428577,0.5423053519095067,0.5413159329623088,0.0327437846138634
544,4.9,5.088005833333324,1.0468234402066072,1.0465925741261488,0.021984056722960336
545,1.07,1.6730200000000017,0.4668887586281413,0.46655842183898316,0.017559952859965755
546,2.5,2.3496184523809505,0.5648969698664359,0.5632383653921804,0.04325656383285147
547,1.44,1.169688333333333,0.5703373838661802,0.5695150437750635,0.030616112575014825
548,1.86,2.0121583333333377,0.3561097793244791,0.3559657461477574,0.01012731455024529
549,4.04,3.5262427655677584,1.594851092938571,1.5942545872549656,0.04361558968825196
550,1.44,1.5481288670094113,0.0654195785503142,0.0191288562158012,0.0625604357207967
551,1.0,1.201600984848485,0.27141709856412966,0.19455885270982573,0.18924612076660066
552,1.61,1.4874409410687355,0.43082180799802394,0.42992817556425134,0.02773434878774829
553,0.4,0.9385764341826476,0.6408404961274417,0.6364296525576644,0.07505890235139452
554,0.48,0.5115817579582445,0.11527030046353431,0.11127257307684651,0.030094129823128826
555,1.22,1.177461364538239,0.06968257303483653,0.029528414743210534,0.06311682586686591
556,6.26,6.093773948412695,0.22170027934358527,0.15480349605685978,0.15870378530330506
557,0.22,0.223791475839617,0.03128299931739316,0.00870813606154507,0.03004653744819258
558,1.46,2.5721796430693495,1.0457863288482379,1.0438330820587831,0.06388695019748934
559,2.17,2.231195833333326,0.4126620563614282,0.4123977026143017,0.014768467723109486
560,2.38,2.456686333666334,0.052984710398976245,0.03340151236609964,0.04113050580433791
561,3.44,3.406077743457756,0.08681029594309217,0.020857635051863412,0.08426735157681488
562,0.75,0.9380232901493929,0.5147373294507782,0.5124282399480041,0.04870130628545498
563,0.81,0.7890203027119942,0.03704979337816617,0.011588884512135186,0.0351906940131791
564,0.04,0.1213634523809522,0.05358497299559122,0.051479730753413146,0.014872345225092414
565,2.05,2.131769329066527,0.33448889660495984,0.3330126515063371,0.03139101605113135
566,0.44,0.7186233333333333,0.3097388896940253,0.3081065040605977,0.031757864292871946
567,1.8,1.6708858333333318,0.6004864197459512,0.59850730005237,0.04871295601103592
568,0.28,0.3630395833333335,0.24987619954654755,0.24808602813695593,0.02985695468488965
569,1.0,1.1574365041820904,0.381840481838918,0.37361317796550886,0.07883747092271587
570,6.31,4.5004375000000065,1.4270129384314743,1.4266254344612848,0.033253514084697094
571,0.56,0.5514527525089292,0.031455353013733436,0.012694412803005156,0.028780047199500704
572,1.9,2.022162370129868,0.5497414551893363,0.5489005723880944,0.030394558488506956
573,6.3,6.365426428571424,0.25376386017343017,0.24849664540770902,0.05143455989153161
574,1.52,1.6990474989686093,0.08438794168934181,0.02906905266459103,0.07922319660141837
575,4.3,4.125633333333335,0.7617089988236236,0.761460540306876,0.019453648615298733
576,2.3,2.375312738095238,1.8988083938303493,1.8982859937457934,0.04453765181435554
577,0.9,0.559726065885868,0.3948658344650625,0.39110244031584335,0.05438665651409645
578,2.81,2.7661792294880554,0.0548656049338471,0.016530039458888594,0.052316272805357354
579,4.9,4.225637499999993,0.8025266933839934,0.8022970926308071,0.01919553984654564
580,2.2,1.691192694805197,0.48296332428970645,0.48261296924899705,0.018392784499112576
581,3.67,4.9951555952380975,1.3405037422301291,1.3394696853620254,0.05264261514340741
582,1.51,1.6684400000000001,0.2879866311711917,0.2873855902983132,0.018596295927471657
583,1.5,1.3190964177489175,0.44946753790460214,0.44871660115788287,0.025970742679838957
584,2.58,2.5000059523809575,0.3239348478920195,0.3234642333014745,0.017454954984619037
585,0.8,1.5182083333333345,0.8857039328111959,0.8852202007520168,0.02926863129321996
586,2.5,1.6689706860902251,0.8316694945147255,0.8310997314028837,0.03077961287010526
587,1.78,2.516166666666668,0.9921632790131942,0.9919616788073089,0.019999999999967637
588,1.25,1.2373088995726471,0.4889250888112444,0.4882059741244701,0.02650791010737094
589,0.3,0.6814453571428568,0.3808954771510922,0.3742663699017608,0.07075343719365527
590,1.0,0.8105972222222235,0.3495012870860737,0.34469136251198346,0.057784204454630186
591,3.37,3.216944999999992,0.3584085894269821,0.35740323442162497,0.02682619987996809
592,2.5,2.3854569427060612,0.27781593603627686,0.07181597569862928,0.26837317293307567
593,1.84,1.963709573412699,0.554859609440179,0.5536190021051807,0.03708350976069974
594,1.18,0.9043922758820131,0.3376342098409353,0.33700704792292296,0.020569620929648345
595,2.7,2.574716587844344,0.036678415874268115,0.012746030841097567,0.034392512104287364
596,0.5,3.4962897023809525,2.0704195332856115,2.0698551290731513,0.04834033988479279
597,2.01,2.005976666666666,0.42275936353386295,0.42040359776185626,0.044567863359648116
598,1.78,3.1211499999999996,0.9205148980326188,0.9203442915561559,0.017721808598444636
599,2.3,2.090373928571429,0.5043832862646584,0.5039615451385583,0.020621844842137815
600,1.75,1.5237085714285719,0.04848379771443534,0.032378236728220725,0.03608778778458973
601,2.66,2.7209693181818175,0.8688622806262198,0.8684417005956278,0.027031007409452943
602,1.37,1.5843729743867243,0.3546030513272427,0.35421036357315017,0.016683595175138205
603,2.64,2.6462255158730184,0.18413089637459082,0.17411569630007753,0.05989917613498095
604,0.1,0.8050069642857142,0.4490766134117918,0.44688321999207414,0.044330490668605955
605,1.52,1.6598778836778538,0.20896430467899352,0.06361695870086094,0.19904512854030915
606,2.7,2.6369958333333265,0.05092985355067152,0.04978397064008893,0.01074273009991465
607,2.18,1.8553083333333313,0.4629426583612297,0.4610006952724407,0.04235875221118465
608,2.7,2.2998754365079384,0.2688008282680197,0.19716796251013505,0.18269833014336886
609,1.2,1.140559305555556,0.5255634328028495,0.5240211184360367,0.0402341811468854
610,1.55,1.5368345220057729,0.03404908240192175,0.02729886817187173,0.020349737318885123
611,1.76,1.8205971551724138,0.2397410480702795,0.22203963072054003,0.0904111305057197
612,2.16,2.1554664682539677,0.22077828753897297,0.13135024465480197,0.17745468570247758
613,1.65,1.6828163773726268,0.197569937559137,0.11186930759660219,0.16284697800382447
614,3.8,3.1163916666666682,0.780047475006416,0.7789531040209582,0.041305266008095406
615,2.2,2.041862591658213,0.18692896043674448,0.06361288383251378,0.17577211741477397
616,0.3,0.47186892857142854,0.25711638315546304,0.2416910886557184,0.08771688635240395
617,0.91,1.000801393745143,0.14568169610139214,0.05667882121568134,0.13420382932159278
618,2.21,2.0059147619047626,0.4492343553957089,0.44764000995976416,0.03781438285917587
619,0.23,0.223791475839617,0.03128299931739316,0.00870813606154507,0.03004653744819258
620,1.35,1.281188333333337,0.39497542691144966,0.3944190644725956,0.020956847197142685
621,1.64,1.5112770021645014,0.24997925606859572,0.249336387164693,0.017916319383926745
622,0.31,1.023584226190476,0.5903596342629303,0.5890270136675633,0.039644355675594094
623,1.55,2.0257124999999983,0.57355015096946,0.5730238590479481,0.02456486594483796
624,1.0,1.386200000000004,0.8620432471749786,0.8620349818887753,0.003774917217659688
625,2.23,2.199676274509803,0.4248344148085627,0.4211251083501156,0.056017168107976814
626,0.3,0.2845816666666661,0.02508967245479782,0.024789177690187913,0.0038714768930384197
627,2.1,2.20168251984127,0.13385449589543846,0.08865790724260385,0.10028360561319982
628,0.29,0.2887197990975314,0.10844346020862353,0.03343996696238389,0.10315887102704249
629,3.5,3.829814166666665,0.7568237842893024,0.7551354707706301,0.05052386812190208
630,1.2,1.0335254761904769,0.5145612239184821,0.5124785251986058,0.046249479680838326
631,2.37,2.3797121753246784,0.9916170680708406,0.9901986868247974,0.05301858447616968
632,2.64,2.2039350487013,0.5293253705551616,0.5187584031645373,0.10523814450824658
633,4.4,3.5262427655677584,1.594851092938571,1.5942545872549656,0.04361558968825196
634,0.12,0.4465946753246754,0.18623104592187162,0.18522686728329116,0.01931346943385108
635,2.75,2.1924225000000037,0.35989117312561125,0.3585722722275045,0.030782821237389776
636,2.0,1.3241013927045182,0.66776521334789,0.6662678737852802,0.04469340576858061
637,2.07,2.177601094069759,0.6114065559068147,0.6009975526239039,0.11233840993137978
638,2.15,2.0399994101731598,0.2051747888829449,0.10504258506939228,0.17624627461339573
639,1.72,1.5116578571428547,0.19031140083420994,0.18518604285047457,0.04386979394596611
640,1.63,1.3580435515873004,0.5273475145285621,0.5253688584311131,0.04563949682282826
641,2.3,3.2968666666666673,0.9108641586732652,0.9108210972035677,0.008856886837039165
642,0.55,1.018588653846154,0.7747169615481894,0.7736695762083327,0.040271048658778015
643,9.92,9.790510178571425,0.9446103006398894,0.9443157776394604,0.02358669489698214
644,2.26,2.1924529166666678,0.5796829268659022,0.5794364013716615,0.016904214423558033
645,2.6,2.5409343094307952,0.07699680271251311,0.015838125265557862,0.07535025823460835
646,3.87,3.82206642857143,0.2719684485667383,0.2694033372811989,0.037264981920714126
647,0.46,0.7132067352092355,0.4137880756802054,0.4119313149853763,0.03915562934682803
648,0.25,0.2921479166666661,0.144051028993178,0.14295414412338303,0.01774293188693577
649,1.95,1.9543643939393975,0.2783387770196667,0.2779471164866357,0.014760597195517082
650,2.16,2.0838399165453594,0.06068785472572899,0.015117898498745898,0.05877469571331529
651,0.41,0.40188342070878474,0.04525573647819867,0.011465318316331167,0.04377931201023336
652,1.72,1.5757917933455432,0.2623278140755536,0.14642277567788606,0.21766086648830948
653,1.8,0.7730909483571997,0.2978171647678842,0.29628286069078175,0.03019155662214088
654,0.98,0.9137721474358969,0.20359146557518093,0.09712495713943442,0.17893078984823463
655,2.41,2.2453333333333325,0.41986055886318,0.41985645695220325,0.0018559214543060832
656,2.36,2.3039250980392154,0.48099074068529885,0.48033007201759853,0.025201478935986923
657,1.44,1.850270833333336,0.5235439188670115,0.5221516397022413,0.0381562594981308
658,3.2,3.2527181637643388,0.060029591468465184,0.020297155944548236,0.056494046699041824
659,0.3,0.31677652777777815,0.22121321302246136,0.22069003450417837,0.015205074359089155
660,3.3,3.2566661616161627,0.6932368214197332,0.6928970064330081,0.021703203641650744
661,3.5,2.8803775000000007,1.0369164298504354,1.036044356552254,0.04251792269148147
662,1.01,0.9423324798812303,0.09513712793399501,0.05389822033973257,0.07839677898829117
663,2.62,2.6462255158730184,0.18413089637459082,0.17411569630007753,0.05989917613498095
664,1.41,1.982030833333336,0.830764016262116,0.8304307652386518,0.023528596666792852
665,2.2,2.2906062821790596,0.0872745522657756,0.024365111209903534,0.08380446783388479
666,1.67,1.847869142675512,0.13722001848667606,0.031648507059194475,0.133520430925038
667,3.9,3.84527452380952,0.7608570282870709,0.760594645796909,0.019980047019639156
668,1.33,1.5395295238095235,0.5585662023983169,0.5570284259278063,0.04141901942426828
669,2.87,2.7661792294880554,0.0548656049338471,0.016530039458888594,0.052316272805357354
670,1.97,3.2565000000000013,1.2094255867972932,1.2094204190437572,0.003535533905851055
671,1.28,1.420791772394272,0.44335876415248865,0.44188443266089233,0.03612674802391429
672,1.1,1.2022435714285729,0.2871905576220127,0.26672505307575234,0.1064714161123994
673,1.8,2.059422916666665,0.4545091907484744,0.45386235729642393,0.024239742246284727
674,2.98,2.8961416666666566,0.36611022465548976,0.3660359187559547,0.00737582387108935
675,1.8,1.7694299999999998,0.21687778839705865,0.21680141858391805,0.005754997827984574
676,0.23,0.223791475839617,0.03128299931739316,0.00870813606154507,0.03004653744819258
677,0.92,0.8448966666666691,0.31969749286046456,0.3177178916857205,0.035522221834332506
678,1.03,0.8861849089373631,0.37678271885885184,0.37583726164236586,0.02667526929266908
679,0.86,0.9401366666666654,0.22619688619038344,0.22587263911329145,0.01210711452915534
680,6.7,6.037139166666667,0.7777540467906757,0.7744467571501493,0.07164898909887084
681,0.3,0.36600166666666645,0.1053673573609133,0.10470536703584633,0.011792629524881826
682,1.07,1.0822573809523803,0.6705895536535985,0.6702275934573949,0.02203003489878021
683,1.63,1.7254331750194252,0.10474367011794805,0.06783718788672448,0.07980822244229455
684,1.67,1.4999526443654387,0.41013762844408264,0.40954619152744925,0.022017976089963462
685,2.1,2.702654285714283,1.5309302797430167,1.5302274540887564,0.04638383540711699
686,1.7,1.775857467532471,0.4450155192445044,0.4420996435256823,0.05085978335502897
687,0.43,0.2411055060992929,0.18870581121510535,0.07196053188283029,0.17444645320983498
688,3.79,3.0737951923076934,0.774212079854266,0.7735814224249652,0.03124303876443266
689,0.38,0.3886965692640692,0.10488989358765972,0.038730751167349975,0.0974772726887832
690,1.89,2.2584729166666655,0.4642667396190401,0.4627380192291361,0.037644801452381506
691,5.51,4.376996874999998,0.7879439436429462,0.7877937049516481,0.015386252375219813
692,1.25,1.3333231547619058,0.11745108951448485,0.08764054552408297,0.07819138832621324
693,1.89,1.6876749999999985,0.18667220211287977,0.1858278696880069,0.01773453943267089
694,1.64,2.35765915223665,1.0317849695502967,1.0262177430971418,0.10703909165587694
695,0.66,0.7632178571428575,0.2063179386868206,0.1408719450098993,0.15073880367412554
696,0.45,1.0620774999999996,0.8316766352738412,0.8302216934311888,0.04917281176287303
697,0.14,0.16362464285714265,0.09747437422638289,0.09692694887511878,0.010316017283091757
698,1.55,1.6803657072829128,0.6078503895039378,0.6057256941792984,0.05077873010519234
699,1.33,1.173475972222222,0.6195684157409709,0.6182138617215499,0.04094683087987303
700,2.3,1.796116666666664,0.3623867221476164,0.3621057607170171,0.014267250766847789
701,0.13,0.25185333333333304,0.3055205369347351,0.3044370348595982,0.025707786656665184
702,6.8,7.252819578754586,0.4836934319873498,0.47446735295792225,0.09402163115370525
703,1.9,1.8273980644682093,0.4555001485335689,0.445545525178535,0.09470781545092631
704,1.41,1.3574733654214142,0.07416889745430959,0.019285313733528032,0.07161774936276123
705,0.78,0.7890203027119942,0.03704979337816617,0.011588884512135186,0.0351906940131791
706,2.64,3.2952488636363624,0.706601641652564,0.7058674289227824,0.03220330374416992
707,2.12,2.0838399165453594,0.06068785472572899,0.015117898498745898,0.05877469571331529
708,0.36,0.40188342070878474,0.04525573647819867,0.011465318316331167,0.04377931201023336
709,2.43,2.404887764596515,0.17321031905971557,0.07272167162637201,0.1572048762113777
710,2.4,2.011995,0.46956238844446097,0.4685694096307048,0.030521222124934376
711,2.51,2.307749999999994,0.30998645803759745,0.3098328290295799,0.009758187445537714
712,2.3,3.3565500000000004,0.5893420886887337,0.5891940236458627,0.013209844813544144
713,0.39,0.3886965692640692,0.10488989358765972,0.038730751167349975,0.0974772726887832
714,3.78,3.5115916666666647,0.6223259461599858,0.6220021279327026,0.020073268570701804
715,3.3,2.3604849908424876,1.2238223281517595,1.2205258639583045,0.08976472743582194
716,7.03,7.362578571428575,0.4354480708395767,0.4287090021452273,0.07631260628200641
717,2.12,1.9779067948717886,0.14506181451637193,0.14450172488800475,0.012735051439773671
718,2.6,2.5165591666666645,0.6555458811804511,0.6548509488802174,0.03017676396390106
719,0.7,1.2052428601645229,0.37390203678762524,0.37338909255594765,0.0195785258428874
720,0.08,0.1254299655899656,0.10969369667582732,0.042364180075467175,0.10118292018390158
721,0.27,0.3005284036796535,0.1501777812245674,0.14854953124065698,0.02205454016104408
722,1.72,1.308249999999999,0.21168397238966427,0.20058441143596545,0.06764612372897262
723,1.1,0.9341487463924965,0.29343336197748277,0.28846346326958233,0.05377702371763184
724,1.35,1.2452347981326684,0.08392360053666015,0.01864123296802283,0.08182710529200457
725,2.32,2.5802494841269827,0.23863048837041434,0.1277277519101467,0.20156917267251576
726,0.43,0.8133200000000009,0.7056939806082138,0.7052853140869068,0.024012913192681215
727,1.97,2.6322299999999963,0.7650922343744048,0.7649349038317046,0.015515153882574892
728,2.49,2.3485967261904794,0.22480471522917211,0.2084781607788315,0.08410717250951225
729,3.56,3.3150750000000015,0.48328976233207344,0.4826969746901184,0.02392958420029958
730,0.32,0.4006169984326023,0.336054067372045,0.33560135851047584,0.017437441418339562
731,1.8,1.6990474989686093,0.08438794168934181,0.02906905266459103,0.07922319660141837
732,2.5,2.507553937949304,0.657207041245161,0.6548237978948058,0.05591859058346686
733,2.56,2.9869166666666667,0.7158368597119197,0.7136426412739397,0.056005270089318736
734,2.54,2.5802494841269827,0.23863048837041434,0.1277277519101467,0.20156917267251576
735,1.37,1.46924441832218,0.2473111567010118,0.24254208580789047,0.04833368225937594
736,1.95,2.5586183333333326,1.2850105087756647,1.2847287813203148,0.02690661835146285
737,0.5,1.2703143597444697,0.8367391681475045,0.8320854825766092,0.08812596210782206
738,1.37,1.4883021969696997,0.3543517078679035,0.3493415223761394,0.05937704617797423
739,4.68,4.271991666666666,1.0310312555546328,1.030938511172928,0.013828814522922566
740,0.95,0.9423324798812303,0.09513712793399501,0.05389822033973257,0.07839677898829117
741,1.67,1.563058636363638,0.2936798470645741,0.2933390754917027,0.014143527196029014
742,4.4,4.203795224637676,0.7730668593020887,0.7728688730143953,0.017494972896635395
743,3.6,3.442816709547547,0.13052848129844338,0.03873247044075315,0.124649429054586
744,5.12,6.334412499999989,1.1138133393185532,1.1137128619494916,0.01496048034719776
745,1.47,1.7548219703907204,0.5677673737639651,0.5658139082560355,0.04705753855505744
746,5.9,5.800927321428561,0.4795688603951931,0.4649085256950593,0.11767053410599687
747,1.65,1.5481288670094113,0.0654195785503142,0.0191288562158012,0.0625604357207967
748,4.76,4.433375000000002,0.8439066058367938,0.8438674270138512,0.00813172798365712
749,2.67,3.0314081804297013,0.2568647976338987,0.07566770180825415,0.24546674554114425
750,1.56,1.6238059523809523,0.34274442507055813,0.34259565630258815,0.010097385777831517
751,1.95,2.759198333333342,0.3954121992687153,0.39463104723479847,0.0248423809021687
752,3.2,3.180937500000001,0.25538254853013703,0.2545769085045774,0.020269280944320334
753,6.36,6.093773948412695,0.22170027934358527,0.15480349605685978,0.15870378530330506
754,2.12,2.485756944444446,0.449952478147035,0.4483226781205716,0.038262368894990725
755,1.1,1.5919871642246646,0.7199926623303887,0.7178752552111958,0.05517745703692447
756,2.99,3.1800849934304836,0.5070748001942557,0.506677477658841,0.020069544721266777
757,3.02,2.9922505753968265,0.07757956098999988,0.049925914638984,0.059380058360210417
758,2.05,2.20168251984127,0.13385449589543846,0.08865790724260385,0.10028360561319982
759,2.09,1.989025000000004,0.3320561690060734,0.3320469460407519,0.0024748737341466257
760,1.11,1.12426124493562,0.22556580661410222,0.21385999330091027,0.07172054363155075
761,3.4,3.1930108333333327,0.5406697635488542,0.5404161907161887,0.016556993319377707
762,1.25,0.9685747023809514,0.23173513992124029,0.20957805892978404,0.09888484357848164
763,0.22,0.22821362870381254,0.06287873136333061,0.02190751833043447,0.05893891327861054
764,1.51,1.471258221662894,0.04412000121396553,0.00927965021144977,0.04313308010185988
765,0.34,0.6930939285714279,0.34727047608222616,0.34636078628432543,0.02511950005234728
766,2.34,2.407623327644575,0.1351613391751772,0.10505721964048623,0.08503862774667714
767,2.01,1.9214108333333322,0.8048259032544314,0.80471368422383,0.013439530208355616
768,0.6,0.6463892857142838,0.1874059723078084,0.1868650773421951,0.014228187745826655
769,3.02,2.3586068840579717,0.8159635527233362,0.8156604596109093,0.02223812042886909
770,1.18,1.1990473019219339,0.10806968520984479,0.03893602875398796,0.10081191658838537
771,6.89,4.827008809523815,1.6516124380848622,1.650830606656071,0.05081292910442731
772,3.06,2.372127899877901,0.5854848401012475,0.5833019855748585,0.050510311945293575
773,0.24,0.2411055060992929,0.18870581121510535,0.07196053188283029,0.17444645320983498
774,0.28,0.3637834134615385,0.2248454971488965,0.22382847813296444,0.021361412987335245
775,3.45,3.2342761111111122,0.5021651436931985,0.49988930731223175,0.047754706315795675
776,2.74,2.2558020779220787,0.7682492360592578,0.7677796103143495,0.026858121512472445
777,0.67,0.7031482259334237,0.46601959958687583,0.4651443874588433,0.028547609613584105
778,1.42,1.3574733654214142,0.07416889745430959,0.019285313733528032,0.07161774936276123
